Rk,Player,Pos,Age,Tm,G,GS,MP,FG,FGA,FG%,3P,3PA,3P%,2P,2PA,2P%,FT,FTA,FT%,ORB,DRB,TRB,AST,STL,BLK,TOV,PF,PTS,Player-additional
1,Precious Achiuwa,C,23,TOR,55,12,1140,6.2,12.8,0.485,0.9,3.4,0.269,5.3,9.3,0.564,2.7,3.9,0.702,3.2,7.2,10.4,1.6,1,0.9,1.9,3.2,16,achiupr01
2,Steven Adams,C,29,MEM,42,42,1133,5,8.4,0.597,0,0,0,5,8.3,0.599,1.5,4.1,0.364,6.8,8.6,15.4,3.1,1.1,1.5,2.5,3.1,11.5,adamsst01
3,Bam Adebayo,C,25,MIA,75,75,2598,8.3,15.4,0.54,0,0.2,0.083,8.3,15.3,0.545,4.5,5.6,0.806,2.5,7,9.5,3.3,1.2,0.8,2.6,2.9,21.2,adebaba01
4,Ochai Agbaji,SG,22,UTA,59,22,1209,4.9,11.5,0.427,2.4,6.8,0.355,2.5,4.7,0.532,1.7,2.1,0.812,1.3,2.3,3.6,2,0.5,0.4,1.2,2.9,13.9,agbajoc01
5,Santi Aldama,PF,22,MEM,77,20,1682,5.3,11.2,0.47,2,5.7,0.353,3.3,5.5,0.591,2.3,3.1,0.75,1.8,6.1,7.9,2.1,1,1,1.3,3.1,14.9,aldamsa01
6,Nickeil Alexander-Walker,SG,24,TOT,59,3,884,5.3,12,0.444,2.5,6.5,0.384,2.9,5.5,0.515,1.6,2.4,0.667,0.6,3.5,4.1,4.4,1.3,0.9,2.2,3.6,14.8,alexani01
6,Nickeil Alexander-Walker,SG,24,UTA,36,3,528,5.7,11.6,0.488,2.4,5.9,0.402,3.3,5.7,0.578,1.8,2.7,0.692,0.5,3.5,4,5.2,1.6,1,3.1,4,15.5,alexani01
6,Nickeil Alexander-Walker,SG,24,MIN,23,0,356,4.9,12.6,0.384,2.6,7.3,0.361,2.2,5.4,0.415,1.3,2.1,0.619,0.7,3.5,4.2,3.2,0.8,0.7,1,3,13.7,alexani01
7,Grayson Allen,SG,27,MIL,72,70,1972,4.5,10.2,0.44,2.7,6.7,0.399,1.8,3.5,0.518,2.1,2.3,0.905,1.1,3.2,4.3,3,1.1,0.3,1.3,2.1,13.7,allengr01
8,Jarrett Allen,C,24,CLE,68,68,2220,6.5,10.2,0.644,0,0.2,0.1,6.5,10,0.653,2.6,3.6,0.733,3.6,7.2,10.8,1.8,0.9,1.4,1.5,2.5,15.7,allenja01
9,Jose Alvarado,PG,24,NOP,61,10,1310,5.5,13.4,0.411,2.3,6.8,0.336,3.2,6.7,0.488,1.8,2.2,0.813,0.8,3.1,3.9,5.1,1.8,0.3,2.2,3.4,15.1,alvarjo01
10,Kyle Anderson,PF,29,MIN,69,46,1957,4.6,9.1,0.509,0.8,1.9,0.41,3.8,7.2,0.536,1.8,2.5,0.735,1.2,5.6,6.8,6.2,1.4,1.2,1.9,2.7,11.9,anderky01
11,Giannis Antetokounmpo,PF,28,MIL,63,63,2024,12.6,22.7,0.553,0.8,3,0.275,11.7,19.7,0.596,8.9,13.7,0.645,2.4,10.8,13.2,6.4,0.9,0.9,4.4,3.5,34.8,antetgi01
12,Thanasis Antetokounmpo,PF,30,MIL,37,0,206,3.5,8,0.435,0,1.4,0,3.5,6.6,0.526,1.9,3.8,0.5,2.6,5.1,7.7,2.6,0.5,0.5,2.1,3.8,8.9,antetth01
13,Cole Anthony,PG,22,ORL,60,4,1552,6.4,14.1,0.454,1.7,4.8,0.364,4.7,9.4,0.5,3.5,3.9,0.894,1.1,5.6,6.7,5.5,0.9,0.7,2.1,3.7,18.1,anthoco01
14,OG Anunoby,SF,25,TOR,67,67,2386,6.4,13.4,0.476,2.1,5.5,0.387,4.2,7.8,0.539,2.1,2.5,0.838,1.4,3.6,5,2,1.9,0.8,2,3,17,anunoog01
15,Ryan Arcidiacono,PG,28,TOT,20,4,172,1.9,7.7,0.243,1.7,4.8,0.348,0.2,2.9,0.071,0,0,,0,3.1,3.1,4.8,1,0,1.5,3.6,5.4,arcidry01
15,Ryan Arcidiacono,PG,28,NYK,11,0,26,1.4,6.9,0.2,1.4,4.2,0.333,0,2.8,0,0,0,,0,5.5,5.5,2.8,2.8,0,1.4,4.2,4.2,arcidry01
15,Ryan Arcidiacono,PG,28,POR,9,4,146,2,7.9,0.25,1.7,4.9,0.35,0.2,3,0.083,0,0,,0,2.7,2.7,5.2,0.7,0,1.5,3.5,5.7,arcidry01
16,Deni Avdija,SF,22,WAS,76,40,2020,4.5,10.3,0.437,1.2,4.1,0.297,3.3,6.2,0.53,2.2,2.9,0.739,1.3,7.4,8.7,3.8,1.2,0.5,2.2,3.7,12.4,avdijde01
17,Deandre Ayton,C,24,PHO,67,67,2035,9.2,15.7,0.589,0.1,0.4,0.292,9.1,15.3,0.597,2.7,3.5,0.76,3,8.8,11.8,2,0.7,0.9,2.1,3.4,21.3,aytonde01
18,Udoka Azubuike,C,23,UTA,36,4,359,5.9,7.2,0.819,0,0,,5.9,7.2,0.819,0.7,2,0.35,3.1,8.8,11.9,1.1,0.6,1.5,1.8,3.4,12.5,azubuud01
19,Marvin Bagley III,C,23,DET,42,25,990,7.3,13.9,0.529,0.7,2.4,0.288,6.7,11.5,0.579,2.9,3.9,0.75,3.4,6.4,9.8,1.3,0.7,1.1,1.7,2.9,18.3,baglema01
20,Patrick Baldwin Jr.,SF,20,GSW,31,0,226,6.8,17.4,0.394,5.1,13.4,0.381,1.8,4,0.44,0.6,1,0.667,0.2,6.2,6.4,1.8,1,0.6,1.8,2.2,19.4,baldwpa01
21,LaMelo Ball,PG,21,CHO,36,36,1268,8.4,20.5,0.411,4.1,10.9,0.376,4.3,9.6,0.45,2.9,3.5,0.836,1.2,5.4,6.6,8.6,1.3,0.3,3.7,3.4,23.8,ballla01
22,Mo Bamba,C,24,TOT,49,7,769,5.5,11.3,0.485,2.2,5.8,0.387,3.2,5.5,0.59,1.9,2.9,0.661,2.7,7.8,10.5,2.2,0.6,2,1.4,4.9,15.1,bambamo01
22,Mo Bamba,C,24,ORL,40,6,681,5.6,11.3,0.495,2.3,5.7,0.398,3.3,5.6,0.594,1.9,2.7,0.686,2.5,7.2,9.7,2.2,0.6,2,1.2,4.5,15.3,bambamo01
22,Mo Bamba,C,24,LAL,9,1,88,4.5,11,0.407,2,6.5,0.313,2.5,4.5,0.545,2.5,4.5,0.545,4.5,12.3,16.8,1.6,0.4,2,3.3,7.8,13.5,bambamo01
23,Paolo Banchero,PF,20,ORL,72,72,2430,7.1,16.6,0.427,1.3,4.2,0.298,5.8,12.4,0.471,5.8,7.9,0.738,1.2,6.1,7.4,4,0.9,0.6,3,2.4,21.3,banchpa01
24,Desmond Bane,SG,24,MEM,58,58,1841,8.8,18.4,0.479,3.2,8,0.408,5.6,10.4,0.534,3.5,4,0.883,0.8,4.8,5.7,5,1.1,0.4,2.5,2.9,24.4,banede01
25,Dalano Banton,PG,23,TOR,31,2,279,7.1,16.8,0.423,1.9,6.6,0.294,5.2,10.2,0.506,2.2,3.1,0.708,1.4,4.4,5.8,4.6,1.7,1.7,2.3,4.4,18.3,bantoda01
26,Dominick Barlow,PF,19,SAS,28,0,408,4.1,7.6,0.535,0,0.4,0,4.1,7.2,0.561,1.6,2.2,0.72,4.1,4.9,9,2.1,0.9,1.7,1.3,4.9,9.7,barlodo01
27,Harrison Barnes,PF,30,SAC,82,82,2662,5.1,10.7,0.473,1.8,4.8,0.374,3.3,5.9,0.553,4.7,5.6,0.847,1.2,3.8,4.9,1.7,0.8,0.1,1.2,1.4,16.6,barneha02
28,Scottie Barnes,SF,21,TOR,77,76,2678,6.2,13.7,0.456,0.8,3,0.281,5.4,10.6,0.505,2.6,3.3,0.772,2.4,4.5,6.9,5,1.1,0.8,2.1,2.3,15.8,barnesc01
29,RJ Barrett,SG,22,NYK,73,73,2475,7.4,17.1,0.434,1.8,5.7,0.31,5.7,11.4,0.495,4.2,5.7,0.74,0.9,4.5,5.4,2.9,0.5,0.2,2.4,2.6,20.8,barrerj01
30,Will Barton,SG,32,TOT,56,2,993,5,13.2,0.379,2.4,6.5,0.367,2.6,6.7,0.391,1.3,1.7,0.787,0.5,4.4,5,4.1,1,0.5,1.7,2,13.7,bartowi01
30,Will Barton,SG,32,WAS,40,0,782,5.1,13.1,0.386,2.4,6.4,0.377,2.7,6.8,0.395,1.6,2.1,0.778,0.5,4.6,5.1,4.4,0.8,0.5,2.1,1.8,14.1,bartowi01
30,Will Barton,SG,32,TOR,16,2,211,4.8,13.5,0.354,2.4,7.2,0.333,2.4,6.3,0.378,0.3,0.3,1,0.9,3.6,4.4,2.9,1.9,0.5,0.5,2.9,12.3,bartowi01
31,Charles Bassey,C,22,SAS,35,2,508,6.2,9.6,0.644,0.2,0.6,0.375,6,9,0.661,1.6,2.6,0.595,5.3,8.4,13.7,3.3,1.1,2.3,2.9,5.2,14.1,bassech01
32,Keita Bates-Diop,PF,27,SAS,67,42,1452,5.9,11.5,0.508,1.4,3.5,0.394,4.5,8,0.557,3,3.7,0.793,1.6,4.5,6.1,2.6,1.1,0.5,1.4,1.6,16,bateske01
33,Nicolas Batum,PF,34,LAC,78,19,1709,3.4,8,0.42,2.6,6.7,0.391,0.8,1.3,0.563,0.7,1,0.708,1.3,5,6.3,2.5,1.1,0.9,1.1,3.1,10.1,batumni01
34,Darius Bazley,C,22,TOT,43,1,616,4.9,10.7,0.454,1.2,3.1,0.377,3.7,7.6,0.485,2.2,4.1,0.543,2,6.1,8.1,2.2,1.3,2,1.6,2.6,13.1,bazleda01
34,Darius Bazley,C,22,OKC,36,1,555,4.6,10.2,0.449,1.2,2.9,0.4,3.4,7.3,0.469,2.3,4.2,0.554,1.9,6,7.9,2.1,1.2,1.9,1.4,2.3,12.7,bazleda01
34,Darius Bazley,C,22,PHO,7,0,61,7.1,14.8,0.48,1.2,4.7,0.25,5.9,10,0.588,1.2,3,0.4,3,6.5,9.4,3.5,1.8,3,3,5.3,16.5,bazleda01
35,Bradley Beal,SG,29,WAS,50,50,1673,9.6,18.9,0.506,1.7,4.7,0.365,7.8,14.2,0.552,4.1,4.9,0.842,0.9,3.3,4.2,5.8,1,0.7,3.1,2.3,25,bealbr01
36,Malik Beasley,SG,26,TOT,81,27,2093,6.4,16.1,0.395,4,11.3,0.357,2.3,4.8,0.484,0.9,1.1,0.769,0.6,4.3,4.9,2.1,1.1,0.2,1.5,1.8,17.6,beaslma01
36,Malik Beasley,SG,26,UTA,55,13,1472,6.5,16.4,0.396,4.1,11.5,0.359,2.3,4.8,0.485,0.9,1.1,0.841,0.7,4.2,4.8,2.3,1.1,0.2,1.5,1.8,18,beaslma01
36,Malik Beasley,SG,26,LAL,26,14,621,6.1,15.5,0.392,3.8,10.8,0.353,2.3,4.7,0.481,0.8,1.2,0.619,0.5,4.5,5,1.8,1.2,0.1,1.7,1.9,16.8,beaslma01
37,MarJon Beauchamp,SF,22,MIL,52,11,701,4.9,12.5,0.395,2.4,7.3,0.331,2.5,5.2,0.485,1.4,1.9,0.73,2,4,5.9,1.8,1.1,0.4,2.3,3.6,13.7,beaucma01
38,D?vis Bert?ns,PF,30,DAL,45,1,492,5,11.7,0.431,4,10.3,0.39,1,1.4,0.737,1,1.1,0.867,0.7,3.1,3.9,1.5,0.8,0.6,0.7,3.9,15.1,bertada01
39,Patrick Beverley,SG-PG,34,TOT,67,67,1816,2.9,7.1,0.4,1.6,4.7,0.335,1.3,2.4,0.529,0.9,1.3,0.723,0.9,4,4.9,3.8,1.2,0.8,1.2,3.7,8.2,beverpa01
39,Patrick Beverley,SG,34,LAL,45,45,1211,2.9,7.2,0.402,1.6,4.7,0.348,1.2,2.5,0.506,1.2,1.5,0.78,0.7,3.4,4.2,3.5,1.2,0.7,1.2,3.7,8.6,beverpa01
39,Patrick Beverley,PG,34,CHI,22,22,605,2.8,7.1,0.395,1.5,4.8,0.309,1.3,2.3,0.579,0.5,0.9,0.533,1.2,5.2,6.4,4.5,1.4,1,1.1,3.7,7.6,beverpa01
40,Saddiq Bey,SF,23,TOT,77,37,2129,6,14.1,0.422,2.6,7.1,0.361,3.4,7.1,0.483,3.5,4,0.861,1.7,4.5,6.1,2,1.2,0.2,1.2,2.1,18,beysa01
40,Saddiq Bey,SF,23,DET,52,30,1500,5.9,14.5,0.404,2.4,7,0.345,3.5,7.5,0.46,4.3,5,0.861,1.4,4.4,5.8,2,1.2,0.3,1.3,2.1,18.5,beysa01
40,Saddiq Bey,SF,23,ATL,25,7,629,6.2,13.2,0.47,2.9,7.2,0.4,3.3,6,0.552,1.4,1.7,0.862,2.2,4.6,6.9,1.9,1.1,0.1,1,2.1,16.7,beysa01
41,Khem Birch,C,30,TOR,20,0,162,4.2,7.1,0.594,0.2,0.4,0.5,4,6.7,0.6,0.9,1.1,0.8,1.8,3.8,5.6,1.6,1.1,1.1,1.8,5.3,9.6,birchkh01
42,Goga Bitadze,C,23,TOT,38,1,457,5.4,9.8,0.552,0.5,2,0.231,5,7.8,0.636,1.8,3.3,0.548,4.8,6,10.8,3.1,1.3,2,1.7,5,13.2,bitadgo01
42,Goga Bitadze,C,23,IND,21,0,202,4.8,9.3,0.519,0.7,2.5,0.286,4.1,6.8,0.605,2,4.3,0.458,4.5,4.3,8.7,3.2,1.6,1.8,2.1,6.1,12.3,bitadgo01
42,Goga Bitadze,C,23,ORL,17,1,255,5.9,10.3,0.575,0.3,1.7,0.167,5.6,8.6,0.656,1.7,2.5,0.667,5.1,7.3,12.4,3,1,2.3,1.4,4.2,13.8,bitadgo01
43,Bismack Biyombo,C,30,PHO,61,14,874,4.9,8.5,0.578,0,0,,4.9,8.5,0.578,1,2.9,0.357,3.7,7,10.7,2.3,0.7,3.6,2.1,4.7,10.8,biyombi01
44,Buddy Boeheim,SF,23,DET,10,0,90,2,10.8,0.185,1.6,10,0.16,0.4,0.8,0.5,0.8,0.8,1,0.8,1.6,2.4,1.6,0.8,0,0,2.4,6.4,boehebu01
45,Bogdan Bogdanovi?,SG,30,ATL,54,9,1508,6.5,14.6,0.447,3.5,8.6,0.406,3,6,0.506,1.5,1.8,0.831,0.5,3.4,3.9,3.6,1,0.4,1.6,2.1,18,bogdabo01
46,Bojan Bogdanovi?,PF,33,DET,59,59,1893,8.2,16.8,0.488,2.8,6.7,0.411,5.4,10.1,0.539,5.1,5.8,0.884,0.7,3.6,4.2,2.9,0.6,0.2,2.6,2.1,24.2,bogdabo02
47,Bol Bol,PF,23,ORL,70,33,1505,6.2,11.4,0.546,0.7,2.7,0.265,5.5,8.7,0.633,2,2.6,0.759,1.7,8,9.7,1.7,0.7,2,2.7,2.2,15.2,bolbo01
48,Leandro Bolmaro,SF,22,UTA,14,0,68,1.6,10.6,0.15,0,2.1,0,1.6,8.5,0.188,0,0,,2.1,1.6,3.7,3.7,1.6,0.5,3.7,5.3,3.2,bolmale01
49,Devin Booker,SG,26,PHO,53,53,1835,10.3,20.9,0.494,2.2,6.2,0.351,8.2,14.7,0.554,6,7,0.855,0.9,3.8,4.7,5.7,1,0.4,2.8,3.1,28.9,bookede01
50,Brandon Boston Jr.,SF,21,LAC,22,1,248,7.4,17.7,0.418,1.7,4.2,0.414,5.7,13.5,0.419,4.2,5.5,0.763,1,3.3,4.4,2.9,1.3,0,1.7,3,20.8,bostobr01
51,Chris Boucher,PF,30,TOR,76,0,1523,6.2,12.5,0.493,1.5,4.5,0.328,4.7,8,0.585,3,4,0.762,3.7,6.2,10,0.7,1.1,1.5,1,3.4,16.8,bouchch01
52,James Bouknight,SG,22,CHO,34,0,515,4.8,13.5,0.358,2.3,7.6,0.303,2.5,5.9,0.429,1.4,2.1,0.667,0.6,4.5,5,2.9,1,0.3,2.2,3.4,13.4,bouknja01
53,Jamaree Bouyea,PG,23,TOT,5,0,71,3,7.1,0.429,1,3,0.333,2,4.1,0.5,0.5,1,0.5,0.5,2.5,3,2,2,1,2,3,7.6,bouyeja01
53,Jamaree Bouyea,PG,23,MIA,4,0,65,3.3,7.2,0.462,1.1,2.8,0.4,2.2,4.4,0.5,0.6,1.1,0.5,0.6,2.2,2.8,2.2,2.2,1.1,2.2,2.8,8.3,bouyeja01
53,Jamaree Bouyea,PG,23,WAS,1,0,6,0,6,0,0,6,0,0,0,,0,0,,0,6,6,0,0,0,0,6,0,bouyeja01
54,Tony Bradley,C,25,CHI,12,0,33,6.5,13.1,0.5,3.3,5.5,0.6,3.3,7.6,0.429,4.4,4.4,1,1.1,10.9,12,1.1,1.1,1.1,1.1,2.2,20.7,bradlto01
55,Malaki Branham,SG,19,SAS,66,32,1550,6.2,14.2,0.44,1.8,5.9,0.302,4.5,8.3,0.539,1.3,1.6,0.829,0.7,3.6,4.2,2.9,0.8,0.2,1.8,2.7,15.6,branhma01
56,Jarrell Brantley,PF,26,UTA,4,0,39,7.4,12.9,0.571,3.7,8.3,0.444,3.7,4.6,0.8,1.8,1.8,1,0.9,4.6,5.5,2.8,0,1.8,1.8,2.8,20.3,brantja01
57,Christian Braun,SG,21,DEN,76,6,1181,4.4,8.8,0.495,1,2.9,0.354,3.3,5.9,0.565,1.2,2,0.625,1.5,4.1,5.5,1.8,1.2,0.5,1.1,3.1,11,braunch01
58,Mikal Bridges,SF-SG,26,TOT,83,83,2963,7.2,15.4,0.468,2.1,5.4,0.382,5.2,10,0.514,3.8,4.3,0.895,1,3.5,4.4,3.3,1.1,0.7,1.5,1.9,20.3,bridgmi01
58,Mikal Bridges,SF,26,PHO,56,56,2040,6.2,13.5,0.463,1.8,4.6,0.387,4.5,8.9,0.503,2.8,3.1,0.897,1,3.3,4.3,3.5,1.1,0.8,1.4,2,17,bridgmi01
58,Mikal Bridges,SG,26,BRK,27,27,923,9.3,19.6,0.475,2.7,7.1,0.376,6.7,12.6,0.531,6.2,7,0.894,0.9,3.8,4.7,2.8,1,0.6,1.9,1.7,27.5,bridgmi01
59,Oshae Brissett,PF,24,IND,65,2,1083,4.1,10.6,0.386,1.6,5.2,0.31,2.5,5.5,0.457,3.5,4.8,0.717,2.1,5.2,7.2,1.5,1.1,0.4,1.1,2.6,13.2,brissos01
60,Malcolm Brogdon,PG,30,BOS,67,0,1744,7.3,15.1,0.484,2.7,6.1,0.444,4.6,9,0.51,3.3,3.8,0.87,0.9,4.9,5.8,5.1,0.9,0.4,2,2.3,20.6,brogdma01
61,Dillon Brooks,SF,27,MEM,73,73,2214,6.4,16.1,0.396,2.3,7.1,0.326,4,9,0.451,2,2.5,0.779,0.7,3.2,4,3.1,1.1,0.3,1.7,3.9,17,brookdi01
62,Bruce Brown,SF,26,DEN,80,31,2280,5.7,11.7,0.483,1.4,4,0.358,4.2,7.7,0.548,1.8,2.4,0.758,1,4.2,5.2,4.2,1.4,0.8,1.9,3,14.6,brownbr01
63,Greg Brown III,PF,21,POR,16,0,93,4.3,10.8,0.393,0.4,2.7,0.143,3.9,8.1,0.476,1.9,4.6,0.417,0.8,6.6,7.4,1.2,1.5,1.9,2.3,5,10.8,browngr01
64,Jaylen Brown,SF,26,BOS,67,67,2405,10.2,20.7,0.491,2.4,7.3,0.335,7.7,13.4,0.576,3.9,5.1,0.765,1.2,5.7,6.9,3.5,1.1,0.4,2.9,2.6,26.7,brownja02
65,Kendall Brown,SG,19,IND,6,0,40,3.6,6.3,0.571,0,0.9,0,3.6,5.4,0.667,0.9,1.8,0.5,1.8,3.6,5.4,2.7,3.6,0,1.8,8.1,8.1,brownke03
66,Moses Brown,C,23,TOT,36,1,294,7.5,11.8,0.635,0,0,,7.5,11.8,0.635,4,8.8,0.458,7,10,17,0.5,0.5,1.7,1.8,4.8,19,brownmo01
66,Moses Brown,C,23,LAC,34,1,288,7.6,12,0.635,0,0,,7.6,12,0.635,4.1,9,0.458,7.1,10.2,17.4,0.5,0.4,1.7,1.7,4.7,19.4,brownmo01
66,Moses Brown,C,23,BRK,2,0,6,0,0,,0,0,,0,0,,0,0,,0,0,0,0,6,0,6,6,0,brownmo01
67,Sterling Brown,SF,27,LAL,4,0,24,0,6,0,0,3,0,0,3,0,0,0,,4.5,7.5,12,3,4.5,0,0,6,0,brownst02
68,Troy Brown Jr.,SF,23,LAL,76,45,1860,3.9,9,0.43,2.1,5.4,0.381,1.8,3.6,0.505,0.7,0.8,0.872,1.2,4.8,6,1.8,1.1,0.3,0.9,2.3,10.5,browntr01
69,Jalen Brunson,PG,26,NYK,68,68,2379,8.9,18.1,0.491,2,4.9,0.416,6.9,13.2,0.519,4.9,5.9,0.829,0.6,3,3.6,6.4,0.9,0.2,2.1,2.3,24.7,brunsja01
70,Thomas Bryant,C,25,TOT,59,26,1081,7.7,12.3,0.623,0.9,2,0.441,6.8,10.3,0.658,3.1,4.2,0.738,2.9,8.4,11.3,1,0.5,1,1.3,3.4,19.3,bryanth01
70,Thomas Bryant,C,25,LAL,41,25,876,8.1,12.4,0.654,0.9,2.1,0.44,7.2,10.3,0.697,3.3,4.4,0.741,2.8,8.7,11.5,1.2,0.6,0.9,1.2,3.2,20.4,bryanth01
70,Thomas Bryant,C,25,DEN,18,1,205,5.8,11.9,0.485,0.7,1.6,0.444,5.1,10.4,0.492,2.3,3.2,0.722,3.3,7.2,10.5,0.4,0.4,1.2,1.8,4.4,14.6,bryanth01
71,Reggie Bullock,SF,31,DAL,78,55,2364,2.9,7.2,0.409,2.3,6,0.38,0.6,1.1,0.562,0.4,0.6,0.703,0.5,3.8,4.3,1.6,0.8,0.2,0.5,2.5,8.5,bullore01
72,Alec Burks,SG,31,DET,51,8,1122,6.4,14.7,0.436,3.2,7.7,0.414,3.2,7.1,0.459,4.9,6,0.814,0.6,4.5,5.1,3.7,1.2,0.3,1.9,3.1,20.9,burksal01
73,Deonte Burton,PF,29,SAC,2,0,6,0,12,0,0,6,0,0,6,0,0,0,,0,0,0,0,0,0,0,0,0,burtode02
74,Jared Butler,PG,22,OKC,6,1,77,7,15,0.469,3.3,6.5,0.5,3.7,8.4,0.444,0,0,,0.5,1.4,1.9,3.7,2.3,0,2.3,2.3,17.3,butleja02
75,Jimmy Butler,PF,33,MIA,64,64,2138,8.1,15,0.539,0.6,1.7,0.35,7.5,13.2,0.564,7.9,9.3,0.85,2.4,3.9,6.3,5.7,2,0.4,1.7,1.3,24.7,butleji01
76,John Butler,C,20,POR,19,1,221,2.8,8.6,0.321,1.3,5.7,0.229,1.5,2.9,0.5,0.5,0.7,0.75,0.5,2.3,2.8,1.8,1.1,1.5,0.2,3.6,7.3,butlejo01
77,Jamal Cain,PF,23,MIA,18,0,240,5.5,9.9,0.561,1,3,0.35,4.5,6.9,0.652,2.5,3.3,0.773,2.3,5.5,7.8,1.8,1.6,0.1,0.9,3.2,14.7,cainja01
78,Kentavious Caldwell-Pope,SG,29,DEN,76,76,2381,4.4,9.6,0.462,2,4.8,0.423,2.4,4.7,0.502,1.6,1.9,0.824,0.5,2.6,3.1,2.8,1.7,0.5,1.3,2.2,12.4,caldwke01
79,Facundo Campazzo,PG,31,DAL,8,0,52,2.1,9,0.231,2.1,7.6,0.273,0,1.4,0,0.7,1.4,0.5,0,1.4,1.4,6.2,4.2,0,2.1,2.1,6.9,campafa01
80,Vlatko ?an?ar,PF,25,DEN,60,9,889,4.4,9.2,0.476,1.7,4.7,0.374,2.6,4.5,0.58,1.5,1.7,0.927,1,4.2,5.2,3.2,0.9,0.6,1.5,3.4,12,cancavl01
81,Clint Capela,C,28,ATL,65,63,1730,7.3,11.2,0.653,0,0,0,7.3,11.1,0.654,1.6,2.7,0.603,5.4,9.6,14.9,1.2,0.9,1.6,1.1,2.9,16.2,capelca01
82,Vernon Carey Jr.,C,21,WAS,11,0,28,2.6,10.3,0.25,0,0,,2.6,10.3,0.25,2.6,2.6,1,3.9,10.3,14.1,3.9,2.6,2.6,2.6,6.4,7.7,careyve01
83,Jevon Carter,PG,27,MIL,81,39,1810,4.8,11.2,0.423,2.8,6.7,0.421,1.9,4.5,0.425,0.6,0.8,0.816,0.7,3.3,4,3.9,1.3,0.6,1.6,3.1,12.9,carteje01
84,Wendell Carter Jr.,C,23,ORL,57,54,1690,6.9,13.1,0.525,1.7,4.8,0.356,5.2,8.3,0.624,3.1,4.2,0.738,2.6,8,10.6,2.8,0.6,0.7,2.3,3.4,18.5,cartewe01
85,Michael Carter-Williams,PG,31,ORL,4,0,44,4.9,11.5,0.429,0.8,2.5,0.333,4.1,9,0.455,3.3,5.7,0.571,0.8,3.3,4.1,5.7,0.8,0.8,3.3,4.1,13.9,cartemi01
86,Alex Caruso,PG,28,CHI,67,36,1575,3,6.5,0.455,1.3,3.5,0.364,1.7,3.1,0.556,1.3,1.7,0.808,1,3.5,4.5,4.4,2.2,1.1,1.8,3.6,8.5,carusal01
87,Julian Champagnie,SF,21,TOT,17,3,320,6.6,14.6,0.454,3.7,9.2,0.402,2.9,5.4,0.542,1.6,1.9,0.824,1.1,5.6,6.8,1.1,0.7,0.6,1.2,2.9,18.6,champju02
87,Julian Champagnie,SF,21,PHI,2,0,7,0,10.3,0,0,5.1,0,0,5.1,0,0,0,,0,0,0,0,5.1,0,0,0,0,champju02
87,Julian Champagnie,SF,21,SAS,15,3,313,6.8,14.7,0.461,3.8,9.3,0.407,3,5.4,0.553,1.6,2,0.824,1.2,5.8,6.9,1.2,0.6,0.6,1.3,3,19,champju02
88,Justin Champagnie,SF,21,TOT,5,0,34,5.3,15.9,0.333,1.1,5.3,0.2,4.2,10.6,0.4,0,0,,3.2,5.3,8.5,4.2,1.1,0,0,2.1,11.6,champju01
88,Justin Champagnie,SF,21,TOR,3,0,11,9.8,9.8,1,0,0,,9.8,9.8,1,0,0,,3.3,9.8,13.1,3.3,0,0,0,3.3,19.6,champju01
88,Justin Champagnie,SF,21,BOS,2,0,23,3.1,18.8,0.167,1.6,7.8,0.2,1.6,11,0.143,0,0,,3.1,3.1,6.3,4.7,1.6,0,0,1.6,7.8,champju01
89,Kennedy Chandler,PG,20,MEM,36,0,281,4.5,10.6,0.422,0.3,1.9,0.133,4.2,8.7,0.485,0.8,1.7,0.462,1.2,3.7,4.9,7.4,1.5,0.6,2.3,1.9,10,chandke01
90,Max Christie,SG,19,LAL,41,3,512,3.1,7.5,0.415,1.8,4.4,0.419,1.3,3.1,0.409,1,1.1,0.875,0.5,4.8,5.3,1.5,0.6,0.5,0.9,2.3,9,chrisma02
91,Josh Christopher,SG,21,HOU,64,2,786,7,15.1,0.465,1,4.1,0.236,6,11,0.55,2.1,2.7,0.75,0.9,2.3,3.3,3.3,1.5,0.7,2.7,2.7,17,chrisjo01
92,Brandon Clarke,PF,26,MEM,56,8,1090,7.6,11.5,0.656,0,0.2,0.167,7.5,11.3,0.665,3.3,4.5,0.723,3,7.2,10.2,2.4,1.1,1.2,1.8,4.3,18.4,clarkbr01
93,Jordan Clarkson,SG,30,UTA,61,61,1988,8.3,18.7,0.444,2.8,8.3,0.338,5.5,10.4,0.53,3.6,4.4,0.816,1.3,3.2,4.5,4.9,0.6,0.2,3.4,2.2,23,clarkjo01
94,Nic Claxton,C,23,BRK,76,76,2271,6.6,9.3,0.705,0,0,0,6.6,9.3,0.708,2.1,3.9,0.541,2.9,8.2,11.1,2.3,1,3,1.5,3.4,15.2,claxtni01
95,Amir Coffey,SF,25,LAC,50,9,625,3.2,8.4,0.386,0.6,2.3,0.275,2.6,6,0.429,2.8,3.6,0.778,1,2.1,3.1,3.1,0.4,0.3,1.2,2.9,9.9,coffeam01
96,John Collins,PF,25,ATL,71,71,2130,6.1,11.9,0.508,1.2,4.1,0.292,4.9,7.9,0.619,2.4,3,0.803,1.3,6.5,7.8,1.4,0.7,1.2,1.3,3.7,15.7,collijo01
97,Zach Collins,C,25,SAS,63,26,1441,7.1,13.7,0.518,1.4,3.7,0.374,5.7,10,0.571,2.7,3.5,0.761,2.9,7.1,10,4.5,0.9,1.2,3.2,5,18.3,colliza01
98,Chance Comanche,C,26,POR,1,0,21,5.1,8.6,0.6,0,0,,5.1,8.6,0.6,1.7,6.9,0.25,3.4,1.7,5.1,0,0,1.7,0,0,12,comanch01
99,Mike Conley,PG,35,TOT,67,66,2029,4.6,10.8,0.428,2.4,6.2,0.385,2.2,4.6,0.486,2.5,3,0.834,0.6,2.6,3.2,8,1.3,0.2,1.8,2.5,14.2,conlemi01
99,Mike Conley,PG,35,UTA,43,42,1276,4.3,10.6,0.408,2.2,6,0.362,2.1,4.6,0.469,2.2,2.7,0.813,0.5,2.5,3,9.3,1.2,0.3,2.1,2.7,13,conlemi01
99,Mike Conley,PG,35,MIN,24,24,753,5.2,11.2,0.46,2.8,6.6,0.42,2.4,4.6,0.515,3,3.5,0.863,0.8,2.8,3.6,5.7,1.4,0.2,1.4,2.2,16.1,conlemi01
100,Pat Connaughton,SF,30,MIL,61,33,1443,4.1,10.5,0.392,2.7,8,0.339,1.4,2.5,0.566,0.7,1,0.659,1.2,5.8,7.1,1.9,0.9,0.3,0.8,1.7,11.6,connapa01
101,Xavier Cooks,PF,27,WAS,10,1,126,4.9,8,0.607,0,0.3,0,4.9,7.7,0.63,1.1,2.9,0.4,4.6,6.3,10.9,1.7,1.7,1.1,2.3,3.7,10.9,cooksxa01
102,Robert Covington,PF,32,LAC,48,0,779,4.7,10.6,0.445,2.5,6.3,0.397,2.2,4.3,0.516,1.4,1.8,0.75,1.4,6.2,7.7,2.6,1.8,1.5,1.5,4,13.3,covinro01
103,Torrey Craig,PF,32,PHO,79,60,1948,4.2,9.2,0.456,1.8,4.7,0.395,2.4,4.6,0.518,0.6,0.8,0.711,2.7,5.2,7.9,2.2,0.9,1.1,1.3,3.3,10.9,craigto01
104,Jae Crowder,PF,32,MIL,18,3,340,4.8,10,0.479,2.5,5.8,0.436,2.2,4.1,0.538,1.1,1.3,0.833,1.8,5.5,7.3,2.9,1.3,0.6,0.7,2.9,13.1,crowdja01
105,Jarrett Culver,SF,23,ATL,10,1,137,4.5,11.3,0.395,0.3,3.2,0.083,4.2,8.1,0.516,2.4,3.4,0.692,2.6,7.4,10,1.6,1.6,0.5,1.8,3.7,11.6,culveja01
106,Cade Cunningham,PG,21,DET,12,12,400,8.4,20.2,0.415,1.5,5.5,0.279,6.8,14.7,0.466,3.2,3.9,0.837,1.1,5.6,6.7,6.5,0.9,0.6,3.5,3.1,21.5,cunnica01
107,Seth Curry,SG,32,BRK,61,7,1211,6.2,13.3,0.463,2.8,6.9,0.405,3.4,6.5,0.525,1.5,1.6,0.927,0.4,2.6,3,2.9,1.1,0.2,1.5,2.9,16.7,curryse01
108,Stephen Curry,PG,34,GSW,56,56,1941,10.4,21,0.493,5.1,11.9,0.427,5.3,9.2,0.579,4.8,5.2,0.915,0.7,5.6,6.3,6.5,1,0.4,3.3,2.2,30.6,curryst01
109,Dyson Daniels,PG,19,NOP,59,11,1042,3,7.2,0.418,0.9,3,0.314,2.1,4.2,0.492,0.9,1.4,0.65,1.2,5.3,6.5,4.6,1.5,0.4,2,3.4,7.8,daniedy01
110,Anthony Davis,C,29,LAL,56,54,1904,10.2,18.2,0.563,0.4,1.4,0.257,9.9,16.8,0.589,6.6,8.4,0.784,3.7,9.6,13.3,2.8,1.1,2.2,2.3,2.8,27.4,davisan02
111,Johnny Davis,SG,20,WAS,28,5,423,5.6,14.6,0.386,1.4,6,0.243,4.2,8.6,0.485,1.2,2.3,0.519,0.9,4.7,5.5,2.4,0.9,0.7,1.4,4.1,13.9,davisjo06
112,Terence Davis,SG,25,SAC,64,5,841,6.6,15.6,0.423,3.8,10.4,0.366,2.8,5.2,0.537,1.5,1.8,0.791,0.9,5.1,6,2.9,1.8,0.5,2.3,4.5,18.4,daviste02
113,JD Davison,SG,20,BOS,12,0,66,4.4,10.4,0.421,1.1,3.8,0.286,3.3,6.5,0.5,0.5,1.1,0.5,1.1,3.8,4.9,6,1.1,1.1,2.2,2.7,10.4,davisjd01
114,Darius Days,SF,23,HOU,4,0,25,7.2,17.3,0.417,4.3,14.4,0.3,2.9,2.9,1,2.9,2.9,1,1.4,7.2,8.6,1.4,0,1.4,0,2.9,21.6,daysda01
115,Dewayne Dedmon,C,33,TOT,38,1,426,6.5,12.8,0.51,1,3.3,0.308,5.5,9.5,0.58,2.8,4.1,0.673,2.9,8.5,11.3,2.2,0.8,1.6,2.1,6.3,16.8,dedmode01
115,Dewayne Dedmon,C,33,MIA,30,0,350,6.6,13.3,0.496,1.1,3.8,0.297,5.5,9.5,0.576,3.3,4.5,0.727,2.9,8.3,11.2,1.6,0.7,1.4,2,6.3,17.6,dedmode01
115,Dewayne Dedmon,C,33,PHI,8,1,76,6.2,10.4,0.591,0.5,0.9,0.5,5.7,9.5,0.6,0.5,2.4,0.2,2.8,9,11.8,4.7,0.9,2.4,2.8,6.6,13.3,dedmode01
116,Matthew Dellavedova,PG,32,SAC,32,0,213,2.9,8.5,0.34,1.5,4.6,0.333,1.4,3.9,0.348,0.7,1.2,0.571,0.2,2,2.2,6.9,1.2,0,1.7,3.4,7.9,dellama01
117,DeMar DeRozan,SF,33,CHI,74,74,2682,8.8,17.5,0.504,0.6,1.9,0.324,8.2,15.6,0.526,6.1,7,0.872,0.5,4.1,4.6,5.1,1.1,0.5,2.1,2.5,24.4,derozde01
118,Moussa Diabaté,C,21,LAC,22,1,195,4.4,8.7,0.511,0.2,0.4,0.5,4.2,8.3,0.511,1.8,3,0.625,5.7,3.5,9.2,0.7,1.3,1.5,1.7,2.8,10.9,diabamo01
119,Mamadi Diakite,C,26,CLE,22,2,176,4.9,10.2,0.48,1.4,4.3,0.333,3.5,5.9,0.586,0.4,0.4,1,1.6,4.5,6.1,1.6,0.8,1.8,2.5,5.3,11.7,diakima01
120,Hamidou Diallo,SF,24,DET,56,0,996,7.8,13.6,0.573,0.2,0.8,0.238,7.6,12.8,0.593,3.1,5.3,0.588,2.1,5,7,2,1.9,0.6,2.6,4.5,18.9,diallha01
121,Gorgui Dieng,C,33,SAS,31,1,358,4.5,11.8,0.385,2.1,7.5,0.28,2.4,4.2,0.571,1,1.3,0.769,2.7,8,10.8,5.3,0.4,1.4,3.2,5.7,12.2,dienggo01
122,Ousmane Dieng,PF,19,OKC,39,1,569,4.8,11.5,0.42,1.6,6.2,0.265,3.2,5.3,0.602,0.9,1.5,0.652,1.2,5.4,6.6,2.9,0.9,0.4,1.6,2.7,12.2,diengou01
123,Spencer Dinwiddie,SG-PG,29,TOT,79,79,2725,6.1,13.9,0.438,2.4,6.5,0.369,3.7,7.4,0.498,3.5,4.4,0.812,0.4,3.2,3.6,6.8,0.9,0.3,1.9,2.5,18.1,dinwisp01
123,Spencer Dinwiddie,SG,29,DAL,53,53,1808,6.3,13.8,0.455,2.7,6.8,0.405,3.5,7,0.504,3.4,4.1,0.821,0.4,2.9,3.2,5.6,0.8,0.3,1.8,2.5,18.7,dinwisp01
123,Spencer Dinwiddie,PG,29,BRK,26,26,917,5.7,14,0.404,1.7,5.8,0.289,4,8.1,0.488,3.8,4.8,0.797,0.4,3.8,4.2,9.3,1.1,0.3,2.2,2.5,16.8,dinwisp01
124,Donte DiVincenzo,SG,26,GSW,72,36,1894,4.5,10.3,0.435,2.9,7.2,0.397,1.6,3.1,0.525,1.1,1.3,0.817,1.5,4.7,6.2,4.8,1.8,0.2,2.1,2.5,12.9,divindo01
125,Luka Don?i?,PG,23,DAL,66,66,2391,10.8,21.8,0.496,2.8,8.1,0.342,8,13.7,0.588,7.8,10.4,0.742,0.8,7.8,8.6,8,1.4,0.5,3.6,2.5,32.2,doncilu01
126,Tyler Dorsey,SF,26,DAL,3,0,8,18,22.5,0.8,4.5,9,0.5,13.5,13.5,1,0,0,,4.5,4.5,9,0,0,0,0,0,40.5,dorsety01
127,Luguentz Dort,SF,23,OKC,74,73,2272,5.4,13.8,0.388,2.1,6.5,0.33,3.2,7.4,0.44,3.2,4.1,0.772,2,3.4,5.5,2.4,1.2,0.4,1.5,3.9,16.1,dortlu01
128,Ayo Dosunmu,SG,23,CHI,80,51,2098,4.8,9.8,0.493,1,3.2,0.312,3.8,6.5,0.583,1.1,1.4,0.805,0.8,3,3.8,3.5,1.1,0.4,1.7,3.1,11.8,dosunay01
129,Devon Dotson,PG,23,WAS,6,0,53,0.7,6.8,0.1,0.7,2.7,0.25,0,4.1,0,0,0,,4.1,2.7,6.8,5.4,3.4,0,2,6.1,2,dotsode01
130,Jeff Dowtin,PG,25,TOR,25,0,259,3.5,7.9,0.439,0.7,2.2,0.313,2.8,5.7,0.488,0.8,1.3,0.667,0.8,2.4,3.2,4.3,1.3,0.4,0.7,1.8,8.5,dowtije01
131,PJ Dozier,SF,26,SAC,16,0,79,4.6,15,0.303,0.9,7.3,0.125,3.6,7.7,0.471,0,0,,0.5,5.9,6.4,4.6,2.7,0.5,2.3,3.2,10,doziepj01
132,Goran Dragi?,PG,36,TOT,58,0,870,5.8,13.9,0.421,2.2,6,0.359,3.7,7.9,0.468,1.3,1.9,0.689,0.7,2.7,3.4,6.2,0.5,0.2,2.6,2.7,15.1,dragigo01
132,Goran Dragi?,PG,36,CHI,51,0,787,5.8,13.7,0.425,2.1,5.9,0.352,3.8,7.8,0.48,1.2,1.9,0.659,0.6,2.6,3.2,6.4,0.5,0.2,2.6,2.9,14.9,dragigo01
132,Goran Dragi?,PG,36,MIL,7,0,83,6.1,15.6,0.389,3,7.4,0.412,3,8.2,0.368,1.7,1.7,1,1.3,3.9,5.2,5.2,0.9,0,3,0.9,16.9,dragigo01
133,Andre Drummond,C,29,CHI,67,0,849,7,11.6,0.606,0,0.1,0,7,11.5,0.613,2.8,5.3,0.536,5.9,13,18.8,1.4,1.9,1.1,3.2,5,16.9,drumman01
134,Chris Duarte,SF,25,IND,46,12,897,4.9,13.4,0.369,2.2,7,0.316,2.7,6.4,0.428,2.4,2.9,0.847,0.8,3.9,4.6,2.6,1,0.4,1.6,2.6,14.5,duartch01
135,David Duke Jr.,SG,23,BRK,23,0,228,5.7,12.3,0.462,0.2,1.9,0.083,5.5,10.4,0.53,1.9,2.7,0.706,1.7,2.8,4.6,3.3,1.6,0.2,2.8,4.9,13.4,dukeda01
136,Kris Dunn,PG,28,UTA,22,3,568,7.4,13.7,0.537,1.1,2.3,0.472,6.3,11.4,0.55,2.6,3.4,0.774,0.6,5.8,6.3,7.9,1.6,0.6,2.2,3.7,18.4,dunnkr01
137,Kevin Durant,PF,34,TOT,47,47,1672,10.4,18.6,0.56,2,5,0.404,8.4,13.6,0.617,6.6,7.2,0.919,0.4,6.4,6.7,5.1,0.7,1.4,3.4,2.1,29.4,duranke01
137,Kevin Durant,PF,34,BRK,39,39,1403,10.5,18.8,0.559,1.8,4.8,0.376,8.7,14,0.622,6.9,7.3,0.934,0.4,6.4,6.7,5.3,0.8,1.5,3.5,2.4,29.7,duranke01
137,Kevin Durant,PF,34,PHO,8,8,269,9.8,17.1,0.57,2.9,5.5,0.537,6.8,11.6,0.586,5.4,6.4,0.833,0.4,6.4,6.8,3.7,0.3,1.3,2.7,0.9,27.8,duranke01
138,Jalen Duren,C,19,DET,67,31,1670,5.6,8.6,0.648,0,0,0,5.6,8.5,0.652,2.1,3.4,0.611,4.9,7.9,12.8,1.6,0.9,1.3,2,3.9,13.2,durenja01
139,Tari Eason,PF,21,HOU,82,5,1767,6,13.4,0.448,1.2,3.5,0.343,4.8,9.9,0.486,2.2,3,0.752,4,6.1,10.1,1.8,2,1,2.1,3.9,15.5,easonta01
140,Anthony Edwards,SG,21,MIN,79,79,2842,9,19.5,0.459,2.7,7.3,0.369,6.3,12.2,0.513,4,5.3,0.756,0.6,5.2,5.8,4.4,1.6,0.7,3.3,2.4,24.7,edwaran01
141,Kessler Edwards,SF,22,TOT,36,4,385,3.4,8.7,0.387,1.6,5.1,0.309,1.8,3.6,0.5,1,1.4,0.733,2.2,3.6,5.7,2.2,1.3,0.6,1.2,3.7,9.4,edwarke02
141,Kessler Edwards,SF,22,BRK,14,1,79,2.7,10.9,0.25,0.9,5.5,0.167,1.8,5.5,0.333,0.5,0.9,0.5,2.7,3.6,6.4,0.9,1.4,0.5,1.8,1.4,6.8,edwarke02
141,Kessler Edwards,SF,22,SAC,22,3,306,3.5,8.1,0.435,1.8,5.1,0.349,1.8,3.1,0.577,1.2,1.5,0.769,2,3.5,5.5,2.5,1.3,0.6,1.1,4.4,10,edwarke02
142,Keon Ellis,SG,23,SAC,16,0,71,3.5,8.1,0.438,3,6.1,0.5,0.5,2,0.25,2,3.5,0.571,2,2,4.1,3,2.5,0.5,0.5,5.1,12.2,elliske01
143,Joel Embiid,C,28,PHI,66,66,2284,11.5,20.9,0.548,1,3.2,0.33,10.4,17.8,0.587,10.4,12.2,0.857,1.8,8.8,10.6,4.3,1,1.8,3.6,3.2,34.4,embiijo01
144,Drew Eubanks,C,25,POR,78,28,1584,4.9,7.6,0.641,0.2,0.4,0.389,4.7,7.2,0.655,1.9,2.8,0.664,3,6.5,9.5,2.3,0.9,2.3,1.5,3.8,11.8,eubandr01
145,Bruno Fernando,C,24,TOT,39,4,405,5.2,10,0.527,0,0.4,0,5.2,9.6,0.546,3.1,4.4,0.7,4.8,7.4,12.2,2.8,0.5,3,2.2,6.6,13.6,fernabr01
145,Bruno Fernando,C,24,HOU,31,4,364,4.7,9.2,0.516,0,0.1,0,4.7,9.1,0.522,3,4.4,0.682,4.7,7.3,12.1,3,0.6,3.1,2,6.7,12.5,fernabr01
145,Bruno Fernando,C,24,ATL,8,0,41,9.7,16.7,0.579,0,2.6,0,9.7,14,0.688,4.4,5.3,0.833,5.3,7.9,13.2,0.9,0,2.6,4.4,5.3,23.7,fernabr01
146,Dorian Finney-Smith,PF,29,TOT,66,66,2009,3.5,9,0.391,2,6.1,0.337,1.5,2.9,0.503,0.8,1.1,0.763,2,3.6,5.7,1.8,1,0.6,1.1,2.6,9.9,finnedo01
146,Dorian Finney-Smith,PF,29,DAL,40,40,1288,3.6,8.7,0.416,2.2,6.1,0.355,1.5,2.6,0.559,0.8,1.1,0.75,1.9,3.4,5.3,1.6,1.1,0.6,1,2.2,10.2,finnedo01
146,Dorian Finney-Smith,PF,29,BRK,26,26,721,3.3,9.5,0.351,1.8,6,0.306,1.5,3.5,0.429,0.7,0.9,0.789,2.3,4,6.4,2,0.8,0.8,1.3,3.2,9.3,finnedo01
147,Malachi Flynn,PG,24,TOR,53,2,691,4.5,12.6,0.36,2.4,6.9,0.353,2.1,5.7,0.367,1.3,1.7,0.758,0.8,3.2,4,3.6,1.1,0.2,1.3,3.4,12.8,flynnma01
148,Simone Fontecchio,SF,27,UTA,52,6,766,5.4,14.7,0.369,3,9,0.33,2.4,5.7,0.43,1.6,2.1,0.795,1.5,2.6,4,2,0.7,0.4,1.8,2.9,15.4,fontesi01
149,Bryn Forbes,SG,29,MIN,25,0,268,4,11.1,0.361,1.9,6.2,0.304,2.1,5,0.432,2,2,1,0.5,1.5,2,2.3,0.9,0.3,1.6,3,12,forbebr01
150,Trent Forrest,SG,24,ATL,23,3,277,3.2,7.8,0.417,0,0.3,0,3.2,7.5,0.431,0.3,0.4,0.667,0.6,4.2,4.8,4.9,0.9,0.3,1.9,2.2,6.8,forretr01
151,Michael Foster Jr.,PF,20,PHI,1,0,1,0,0,,0,0,,0,0,,0,0,0,0,0,0,0,0,0,0,0,0,fostemi02
152,Evan Fournier,SG,30,NYK,27,7,459,4.4,13,0.337,2.7,8.9,0.307,1.6,4.1,0.404,1.4,1.6,0.857,0.3,3.5,3.8,2.8,1.3,0.2,1.7,3.6,12.9,fournev01
153,De'Aaron Fox,PG,25,SAC,73,73,2435,10.1,19.7,0.512,1.8,5.4,0.324,8.3,14.3,0.584,5.1,6.5,0.78,0.6,3.9,4.5,6.6,1.2,0.3,2.7,2.5,27,foxde01
154,Markelle Fultz,PG,24,ORL,60,60,1778,7.1,13.7,0.514,0.5,1.8,0.31,6.5,12,0.544,2.3,2.9,0.783,1.4,3.3,4.7,6.9,1.8,0.5,2.8,2.7,16.9,fultzma01
155,Wenyen Gabriel,C,25,LAL,68,2,1024,5.4,9.1,0.596,0.4,1.3,0.278,5.1,7.9,0.647,1.8,3,0.619,4.1,6,10.1,1.3,0.9,1.2,1.6,5.1,13.1,gabriwe01
156,Daniel Gafford,C,24,WAS,78,47,1604,6.5,8.9,0.732,0,0,,6.5,8.9,0.732,2.9,4.2,0.679,3.7,6.1,9.7,1.9,0.7,2.2,1.9,4.2,15.8,gaffoda01
157,Darius Garland,PG,23,CLE,69,69,2447,7.7,16.6,0.462,2.5,6.1,0.41,5.2,10.5,0.492,4.1,4.7,0.863,0.4,2.3,2.7,7.9,1.3,0.1,2.9,2.2,21.9,garlada01
158,Usman Garuba,C,20,HOU,75,1,970,3.2,6.6,0.486,0.9,2.2,0.407,2.3,4.4,0.525,1.1,1.7,0.617,4.5,6.9,11.4,2.4,1.6,1.1,1.7,5,8.4,garubus01
159,Luka Garza,C,24,MIN,28,0,243,9.3,17.2,0.543,2.1,5.8,0.359,7.3,11.4,0.636,6.1,7.7,0.788,4.9,4.4,9.3,2.7,0.4,0.3,2.1,6.4,26.8,garzalu01
160,Rudy Gay,PF,36,UTA,56,0,816,4.8,12.7,0.38,1.5,5.7,0.254,3.4,6.9,0.484,1.9,2.2,0.857,1.5,5.7,7.2,2.5,0.8,0.8,1.6,3,12.9,gayru01
161,Paul George,SF,32,LAC,56,56,1939,8.5,18.6,0.457,2.9,7.9,0.371,5.6,10.7,0.521,4.8,5.5,0.871,0.8,5.5,6.3,5.3,1.5,0.4,3.3,3,24.7,georgpa01
162,Taj Gibson,C,37,WAS,49,2,480,4.9,9.4,0.52,0.6,1.8,0.333,4.3,7.6,0.564,2.3,3.2,0.714,2.4,4.6,7,2.5,1.1,0.9,1.9,6.3,12.6,gibsota01
163,Josh Giddey,PF,20,OKC,76,76,2367,8.2,17,0.482,1.2,3.6,0.325,7,13.4,0.524,1.6,2.2,0.731,2.3,6.9,9.1,7.1,0.9,0.5,3.2,2.2,19.2,giddejo01
164,Shai Gilgeous-Alexander,PG,24,OKC,68,68,2416,10.5,20.6,0.51,0.9,2.5,0.345,9.6,18.1,0.533,10,11,0.905,0.9,4,4.9,5.5,1.7,1,2.9,2.9,31.8,gilgesh01
165,Anthony Gill,PF,30,WAS,59,8,624,4.1,7.6,0.538,0.2,1.7,0.138,3.9,5.9,0.65,2.8,3.9,0.731,2.1,3.6,5.7,2,0.4,0.7,0.9,4,11.3,gillan01
166,Jacob Gilyard,PG,24,MEM,1,0,41,0.9,2.6,0.333,0.9,2.6,0.333,0,0,,0,0,0,0,3.5,3.5,6.1,2.6,0,1.8,2.6,2.6,gilyaja01
167,Rudy Gobert,C,30,MIN,70,70,2148,6,9.2,0.659,0,0.1,0,6,9.1,0.663,3.7,5.7,0.644,3.9,9.8,13.6,1.5,0.9,1.6,2,3.5,15.7,goberru01
168,Jordan Goodwin,PG,24,WAS,62,7,1106,5.1,11.5,0.448,1.2,3.8,0.322,3.9,7.6,0.511,1.7,2.2,0.768,1.9,4.8,6.7,5.5,1.9,0.8,1.9,3.1,13.2,goodwjo01
169,Aaron Gordon,PF,27,DEN,68,68,2055,7.5,13.3,0.564,1.1,3,0.347,6.5,10.3,0.628,3.3,5.5,0.608,2.9,4.9,7.8,3.6,0.9,0.9,1.7,2.3,19.4,gordoaa01
170,Eric Gordon,SG,34,TOT,69,58,1965,5.3,12,0.446,2.4,6.5,0.371,2.9,5.4,0.535,2.6,3.2,0.821,0.3,2.2,2.5,3.4,0.8,0.5,1.9,1.4,15.7,gordoer01
170,Eric Gordon,SG,34,HOU,47,47,1418,5.3,12.1,0.439,2.2,6.2,0.347,3.2,5.9,0.536,2.8,3.4,0.815,0.3,2.2,2.5,3.5,0.8,0.4,2.1,1.1,15.6,gordoer01
170,Eric Gordon,SG,34,LAC,22,11,547,5.3,11.5,0.463,3.1,7.3,0.423,2.2,4.2,0.531,2.1,2.5,0.842,0.3,2.2,2.4,3.1,0.9,0.5,1.4,2.2,15.9,gordoer01
171,Devonte' Graham,PG,27,TOT,73,8,1338,4.3,11.6,0.374,3.2,9.1,0.352,1.1,2.5,0.452,2.6,3.5,0.748,0.5,2.8,3.3,5.3,1.2,0.4,1.4,2.1,14.5,grahade01
171,Devonte' Graham,PG,27,NOP,53,0,811,3.8,10.3,0.368,2.9,8.4,0.347,0.8,1.8,0.463,2,2.6,0.746,0.5,2.7,3.2,5.1,1.3,0.4,1.2,2.1,12.4,grahade01
171,Devonte' Graham,PG,27,SAS,20,8,527,5.2,13.7,0.38,3.6,10.1,0.358,1.6,3.6,0.442,3.7,4.9,0.75,0.5,2.9,3.4,5.5,1,0.4,1.8,2.1,17.7,grahade01
172,Jerami Grant,PF,28,POR,63,63,2246,7,14.6,0.475,2.3,5.8,0.401,4.6,8.9,0.523,4.5,5.5,0.813,0.8,3.7,4.5,2.4,0.8,0.8,1.9,2.4,20.7,grantje01
173,RaiQuan Gray,PF,23,BRK,1,0,35,6.2,12.3,0.5,2.1,5.1,0.4,4.1,7.2,0.571,2.1,2.1,1,3.1,6.2,9.3,7.2,0,1,4.1,5.1,16.5,grayra01
174,A.J. Green,SG,23,MIL,35,1,345,5.5,13,0.424,4.6,11,0.419,0.9,2.1,0.45,0.4,0.4,1,0.6,4.1,4.7,2.3,0.6,0,0.9,3.2,16.1,greenaj01
175,Danny Green,SG,35,TOT,11,0,138,5.7,12.8,0.449,4.2,9.7,0.432,1.6,3.1,0.5,0.3,0.3,1,0.8,2.9,3.7,1.6,1.6,0.8,2.6,4.2,15.9,greenda02
175,Danny Green,SG,35,MEM,3,0,43,2.5,9.2,0.273,2.5,6.7,0.375,0,2.5,0,0,0,0,0.8,2.5,3.3,1.7,0.8,0,2.5,5,7.5,greenda02
175,Danny Green,SG,35,CLE,8,0,95,7.2,14.4,0.5,4.9,11,0.448,2.3,3.4,0.667,0.4,0.4,1,0.8,3,3.8,1.5,1.9,1.1,2.7,3.8,19.7,greenda02
176,Draymond Green,PF,32,GSW,73,73,2297,3.9,7.4,0.527,0.6,2.1,0.305,3.3,5.4,0.612,1.2,1.7,0.713,1,7.2,8.2,7.8,1.2,0.9,3.2,3.6,9.7,greendr01
177,Jalen Green,SG,20,HOU,76,76,2602,7.8,18.8,0.416,2.6,7.7,0.338,5.2,11.1,0.471,5,6.4,0.786,0.6,3.3,3.9,3.9,0.8,0.2,2.8,1.8,23.3,greenja05
178,JaMychal Green,PF,32,GSW,57,1,797,6.1,11.4,0.54,1.9,5,0.378,4.2,6.4,0.667,2.3,3,0.776,3.3,6,9.3,2.3,1.1,1,2.3,4.7,16.5,greenja01
179,Javonte Green,SF,29,CHI,32,1,480,4.6,8.1,0.565,1,2.6,0.371,3.6,5.5,0.658,2.3,3.4,0.667,2,4.6,6.6,1.7,1.8,1.6,1.5,3.9,12.4,greenja02
180,Jeff Green,PF,36,DEN,56,4,1091,5.3,10.8,0.488,1,3.4,0.288,4.3,7.4,0.58,2.9,3.9,0.744,1.3,3.5,4.8,2.3,0.6,0.6,1.5,3.3,14.4,greenje02
181,Josh Green,SG,22,DAL,60,21,1539,4.8,8.9,0.537,1.6,4,0.402,3.2,5,0.643,1.6,2.2,0.723,1.3,3,4.3,2.4,1,0.1,1.7,3.6,12.8,greenjo02
182,AJ Griffin,SF,19,ATL,72,12,1401,6.4,13.7,0.465,2.6,6.7,0.39,3.8,7,0.536,1.1,1.2,0.894,1,3,3.9,1.9,1.1,0.3,1.1,2.2,16.4,griffaj01
183,Blake Griffin,C,33,BOS,41,16,569,4,8.2,0.485,1.5,4.2,0.348,2.5,4,0.625,1.3,2,0.656,3,6.8,9.8,3.9,0.9,0.6,1.4,4.7,10.8,griffbl01
184,Quentin Grimes,SG,22,NYK,71,66,2121,4.8,10.2,0.468,2.7,6.9,0.386,2.1,3.3,0.641,1.3,1.7,0.796,0.8,3.1,3.9,2.5,0.8,0.4,1.2,3,13.6,grimequ01
185,Rui Hachimura,PF,24,TOT,63,9,1466,7,14.3,0.486,1.3,3.9,0.319,5.7,10.4,0.55,2.2,2.9,0.739,1.3,5.6,6.9,1.4,0.5,0.6,1.3,1.8,17.4,hachiru01
185,Rui Hachimura,PF,24,WAS,30,0,728,7.8,16,0.488,1.5,4.4,0.337,6.3,11.6,0.545,2.2,2.9,0.759,0.9,5.4,6.3,1.7,0.5,0.6,1.8,1.9,19.3,hachiru01
185,Rui Hachimura,PF,24,LAL,33,9,738,6.1,12.7,0.485,1,3.5,0.296,5.1,9.2,0.556,2.1,3,0.721,1.7,5.9,7.6,1.1,0.4,0.7,0.8,1.6,15.5,hachiru01
186,Tyrese Haliburton,PG,22,IND,56,56,1883,7.9,16.1,0.49,3.1,7.7,0.4,4.8,8.4,0.572,3.3,3.8,0.871,0.6,3.3,3.9,11.2,1.7,0.5,2.7,1.3,22.2,halibty01
187,Jordan Hall,SF,21,SAS,9,0,83,3.9,12.1,0.321,1.3,6.5,0.2,2.6,5.6,0.462,3,3.9,0.778,1.3,3.9,5.2,4.8,0.4,0,3,2.6,12.1,halljo02
188,R.J. Hampton,SG,21,TOT,47,3,750,4.9,11.4,0.43,2,5.6,0.353,2.9,5.8,0.504,2.7,3.6,0.75,0.9,3.3,4.2,2.6,1.3,0.4,2,2.4,14.5,hamptrj01
188,R.J. Hampton,SG,21,ORL,26,0,361,5,11.4,0.439,1.8,5.3,0.34,3.2,6.1,0.525,3.1,3.7,0.838,0.9,3,3.9,3.4,1.6,0.4,2.1,2.2,14.9,hamptrj01
188,R.J. Hampton,SG,21,DET,21,3,389,4.8,11.4,0.423,2.1,5.8,0.365,2.7,5.6,0.483,2.4,3.6,0.667,0.8,3.6,4.4,1.9,1,0.5,1.9,2.7,14.2,hamptrj01
189,Tim Hardaway Jr.,SF,30,DAL,71,45,2152,5.7,14.2,0.401,3.5,9.2,0.385,2.1,5,0.431,2.1,2.8,0.77,0.4,3.8,4.2,2.2,0.8,0.2,1,2,17,hardati02
190,James Harden,PG,33,PHI,58,58,2135,6.3,14.2,0.441,2.7,7,0.385,3.5,7.1,0.495,5.3,6.1,0.867,0.7,5.3,6,10.4,1.2,0.5,3.3,1.9,20.5,hardeja01
191,Jaden Hardy,SG,20,DAL,48,5,708,7.4,16.9,0.438,3.2,7.9,0.404,4.2,9,0.469,3.3,4,0.823,0.6,4,4.5,3.3,0.9,0.4,2.3,3.3,21.4,hardyja02
192,Ron Harper Jr.,PF,22,TOR,9,0,48,6,12,0.5,2.3,6.8,0.333,3.7,5.2,0.714,0.7,0.7,1,2.3,3,5.2,3,0,0.7,0,2.3,15,harpero02
193,Montrezl Harrell,C,29,PHI,57,7,681,6.6,11,0.598,0,0.3,0,6.6,10.7,0.616,3.7,5.3,0.693,3.5,4.9,8.4,1.7,0.9,1.3,1.9,4,16.9,harremo01
194,Gary Harris,SG,28,ORL,48,42,1184,4.2,9.3,0.45,2.9,6.6,0.431,1.3,2.7,0.494,0.8,0.9,0.9,0.6,2.3,3,1.8,1.4,0.4,0.9,2.8,12.1,harriga01
195,Joe Harris,SF,31,BRK,74,33,1527,4.7,10.4,0.457,3.3,7.9,0.426,1.4,2.5,0.551,0.4,0.7,0.643,0.5,3.3,3.9,2.4,0.8,0.3,1,3.3,13.2,harrijo01
196,Kevon Harris,SG,25,ORL,34,0,457,3.7,8.4,0.439,1.3,3.4,0.372,2.4,5,0.484,2.4,3.2,0.756,2.2,3.3,5.5,1.3,1.3,0.4,1.7,4.2,11.1,harrike01
197,Tobias Harris,SF,30,PHI,74,74,2436,6.3,12.5,0.501,1.9,4.8,0.389,4.4,7.7,0.57,1.7,1.9,0.876,1,5.3,6.3,2.7,1,0.6,1.3,2.2,16,harrito02
198,Shaquille Harrison,SG,29,POR,5,0,120,4.5,10.8,0.417,0.9,3,0.3,3.6,7.8,0.462,3.3,4.5,0.733,0.3,6.3,6.6,9,3.3,0.6,1.8,3.6,13.2,harrish01
199,Josh Hart,SF,27,TOT,76,52,2454,4,7.6,0.529,0.9,2.4,0.372,3.1,5.2,0.601,1.9,2.6,0.75,2.1,6.6,8.7,4.3,1.3,0.3,1.7,2.9,10.9,hartjo01
199,Josh Hart,SF,27,POR,51,51,1704,3.9,7.7,0.504,0.7,2.4,0.304,3.1,5.3,0.594,1.8,2.5,0.731,2,6.8,8.8,4.2,1.1,0.2,1.7,2.8,10.3,hartjo01
199,Josh Hart,SF,27,NYK,25,1,750,4.4,7.5,0.586,1.3,2.5,0.519,3.1,5,0.619,2.2,2.7,0.789,2.3,6.2,8.4,4.3,1.6,0.6,1.8,3,12.3,hartjo01
200,Isaiah Hartenstein,C,24,NYK,82,8,1626,3.9,7.2,0.535,0.2,0.8,0.216,3.7,6.4,0.576,1.1,1.6,0.676,4.6,7.2,11.9,2.3,1.2,1.4,1.5,4.7,9,harteis01
201,Udonis Haslem,C,42,MIA,7,1,71,5.1,14.7,0.345,1.5,4.6,0.333,3.5,10.1,0.35,2,2.5,0.8,2,3.5,5.6,0,0.5,1,0.5,5.6,13.7,hasleud01
202,Sam Hauser,SF,25,BOS,80,8,1290,5,11.1,0.455,3.9,9.3,0.418,1.1,1.7,0.656,0.3,0.5,0.706,1,4.7,5.7,2,0.8,0.6,0.8,2.8,14.3,hausesa01
203,Jaxson Hayes,C,22,NOP,47,2,610,5.1,9.2,0.551,0.2,1.7,0.103,4.9,7.5,0.654,3.4,4.9,0.699,2.3,5.5,7.8,2,1.2,1.1,1.8,4,13.8,hayesja02
204,Killian Hayes,PG,21,DET,76,56,2154,5.1,13.6,0.377,1.3,4.8,0.28,3.8,8.8,0.429,1.5,1.9,0.821,0.5,3.2,3.7,7.9,1.7,0.5,2.9,3.7,13.1,hayeski01
205,Gordon Hayward,SF,32,CHO,50,50,1577,6.3,13.3,0.475,1.2,3.7,0.325,5.1,9.6,0.532,2.9,3.6,0.811,0.8,4.2,4.9,4.7,1,0.3,2.3,1.6,16.7,haywago01
206,Juancho Hernangómez,PF,27,TOR,42,10,614,2.8,6.7,0.421,1,3.9,0.254,1.8,2.8,0.66,0.5,0.9,0.563,1.6,5.6,7.2,1.5,0.9,0.4,0.9,2.5,7.2,hernaju01
207,Willy Hernangómez,C,28,NOP,38,2,458,7,13.3,0.527,0.2,0.9,0.273,6.8,12.4,0.544,6.4,8.2,0.779,4.6,9.6,14.1,2.6,1.3,1,3.1,5,20.6,hernawi01
208,Tyler Herro,SG,23,MIA,67,67,2337,7.5,17.1,0.439,3.1,8.3,0.378,4.4,8.8,0.497,2.6,2.8,0.934,0.4,5.1,5.5,4.3,0.8,0.2,2.4,1.6,20.7,herroty01
209,Buddy Hield,SF,30,IND,80,73,2482,6.9,15.1,0.458,4.2,9.8,0.425,2.7,5.2,0.518,1.5,1.9,0.822,1,4.8,5.8,3.3,1.3,0.4,2,2.3,19.5,hieldbu01
210,Haywood Highsmith,PF,26,MIA,54,11,969,3.5,8,0.431,1.4,4,0.339,2.1,4,0.523,0.5,1,0.464,2.1,4.9,7,1.6,1.3,0.6,1.7,3,8.8,highsha01
211,George Hill,PG-SG,36,TOT,46,1,834,3.4,7.2,0.47,1.5,4.1,0.358,1.9,3.1,0.62,1.8,2.4,0.764,0.6,3,3.7,4.7,1.1,0.3,1.5,2.4,10,hillge01
211,George Hill,PG,36,MIL,35,0,668,3.2,7.1,0.447,1.2,4,0.311,1.9,3.1,0.621,1.8,2.5,0.739,0.7,2.9,3.6,4.8,1,0.2,1.5,2.2,9.4,hillge01
211,George Hill,SG,36,IND,11,1,166,4.1,7.4,0.559,2.4,4.6,0.524,1.7,2.8,0.615,1.7,2,0.889,0.4,3.5,3.9,4.6,1.5,0.7,1.5,3,12.4,hillge01
212,Malcolm Hill,SF,27,CHI,5,0,9,8,16,0.5,4,12,0.333,4,4,1,0,0,0,0,12,12,0,0,0,0,4,20,hillma01
213,Aaron Holiday,PG,26,ATL,63,6,845,3.9,9.4,0.418,1.5,3.7,0.409,2.4,5.6,0.424,1.2,1.4,0.844,1.1,2.1,3.2,3.8,1.6,0.5,1.5,3.4,10.5,holidaa01
214,Jrue Holiday,PG,32,MIL,67,65,2183,8.1,16.9,0.479,2.6,6.8,0.384,5.5,10.1,0.542,2.5,2.9,0.859,1.3,4.3,5.6,8.2,1.3,0.4,3.2,1.9,21.3,holidjr01
215,Justin Holiday,SF,33,TOT,46,2,706,3.9,10.4,0.377,2.3,7.3,0.322,1.6,3.1,0.508,0.3,0.4,0.625,0.3,2.5,2.8,2.1,1,1,1.1,3.5,10.5,holidju01
215,Justin Holiday,SF,33,ATL,28,0,411,4.2,10.9,0.384,2.6,7.6,0.345,1.6,3.3,0.474,0,0,0,0.2,1.8,2,2.2,0.4,0.9,1.1,3.2,11,holidju01
215,Justin Holiday,SF,33,DAL,18,2,295,3.5,9.6,0.367,2,6.8,0.286,1.6,2.8,0.565,0.6,1,0.625,0.4,3.5,3.9,2,1.7,1.1,1.2,3.8,9.6,holidju01
216,Richaun Holmes,C,29,SAC,42,1,348,5.7,9.2,0.618,0.5,0.8,0.625,5.2,8.4,0.617,1.6,2,0.789,3,5.3,8.3,0.9,0.3,1.1,1.4,5.2,13.4,holmeri01
217,Al Horford,C,36,BOS,63,63,1922,4.3,9,0.476,2.7,6.1,0.446,1.6,2.9,0.539,0.3,0.4,0.714,1.4,5.9,7.3,3.5,0.6,1.1,0.7,2.3,11.5,horfoal01
218,Talen Horton-Tucker,SG,22,UTA,65,20,1313,7,16.8,0.419,1.6,5.6,0.286,5.5,11.2,0.485,3.5,4.6,0.75,1.1,4.6,5.8,6.7,1.1,0.8,3.5,3,19.1,hortota01
219,Danuel House Jr.,SF,29,PHI,56,5,807,4.1,8.8,0.472,1.7,4.9,0.336,2.5,3.9,0.644,2,2.7,0.75,0.4,3.8,4.2,2,0.6,0.4,1.2,3.1,12,houseda01
220,Caleb Houstan,SF,20,ORL,51,4,812,2.9,8.1,0.363,2,6,0.338,0.9,2,0.435,0.7,0.8,0.833,1.5,2.9,4.4,1.3,0.5,0.3,0.8,2.8,8.6,houstca01
221,Trevor Hudgins,PG,23,HOU,5,0,28,2.6,11.6,0.222,2.6,10.3,0.25,0,1.3,0,3.9,3.9,1,0,0,0,3.9,0,0,1.3,1.3,11.6,hudgitr01
222,Kevin Huerter,SG,24,SAC,75,75,2203,6.9,14.2,0.485,3.3,8.3,0.402,3.5,5.8,0.604,1.6,2.1,0.725,0.7,3.4,4.1,3.6,1.3,0.4,1.6,3,18.6,huertke01
223,Jay Huff,C,24,WAS,7,0,95,5.7,9.5,0.6,2.3,4.5,0.5,3.4,4.9,0.692,5.7,6.1,0.938,2.3,5.7,8,3.8,1.1,1.5,1.9,5.7,19.3,huffja01
224,De'Andre Hunter,SF,25,ATL,67,67,2126,6.4,13.9,0.461,1.7,4.8,0.35,4.7,9.1,0.521,2.9,3.5,0.826,0.8,4,4.8,1.6,0.6,0.3,1.4,3.4,17.4,huntede01
225,Bones Hyland,PG,22,TOT,56,1,1085,7.6,18.9,0.399,3.9,10.5,0.371,3.7,8.5,0.434,2.9,3.4,0.843,0.7,3.8,4.5,5.7,1.3,0.5,2.7,3.2,21.9,hylanbo01
225,Bones Hyland,PG,22,DEN,42,1,820,7.6,19.1,0.399,4,10.6,0.378,3.6,8.5,0.425,3.1,3.6,0.866,0.4,3.3,3.8,5.5,1.2,0.6,2.9,2.9,22.3,hylanbo01
225,Bones Hyland,PG,22,LAC,14,0,265,7.5,18.6,0.401,3.5,10.1,0.351,3.9,8.6,0.46,2,2.7,0.75,1.4,5.3,6.7,6.4,1.5,0.3,2,4.1,20.5,hylanbo01
226,Serge Ibaka,C,33,MIL,16,0,185,5.1,10.5,0.481,1.2,3.5,0.333,3.9,7,0.556,1.6,2.5,0.615,2.9,5.6,8.6,0.8,0.4,1.4,2.1,4.5,12.8,ibakase01
227,Andre Iguodala,PF,39,GSW,8,0,113,2.2,4.8,0.467,0.3,2.9,0.111,1.9,1.9,1,0.6,1,0.667,1,4.5,5.4,6.1,1.3,1,2.9,3.5,5.4,iguodan01
228,Joe Ingles,SF,35,MIL,46,0,1044,3.7,8.6,0.435,2.9,7,0.409,0.9,1.6,0.556,0.6,0.7,0.857,0.4,4,4.4,5.2,1.1,0.2,1.9,2.6,10.9,inglejo01
229,Brandon Ingram,SF,25,NOP,45,45,1538,9.5,19.5,0.484,1.5,3.8,0.39,8,15.7,0.507,5.6,6.4,0.882,0.5,5.2,5.8,6.1,0.7,0.4,3.5,2.7,26,ingrabr01
230,Kyrie Irving,PG-SG,30,TOT,60,60,2241,9.5,19.3,0.494,3,8,0.379,6.5,11.4,0.574,4,4.4,0.905,0.9,3.9,4.9,5.3,1.1,0.7,2.1,2.7,26.1,irvinky01
230,Kyrie Irving,PG,30,BRK,40,40,1478,9.7,19.9,0.486,3.2,8.5,0.374,6.5,11.5,0.569,3.8,4.4,0.883,0.9,4,5,5.1,1,0.8,2.2,2.7,26.4,irvinky01
230,Kyrie Irving,SG,30,DAL,20,20,763,9.2,18.1,0.51,2.7,7,0.392,6.5,11.1,0.585,4.2,4.4,0.947,1,3.7,4.7,5.7,1.2,0.6,1.7,2.6,25.4,irvinky01
231,Jonathan Isaac,PF,25,ORL,11,0,124,6.4,15.4,0.415,1.7,4.4,0.4,4.6,11,0.421,1.5,2.6,0.556,4.4,8.4,12.8,1.7,4.1,1.2,1.2,1.5,16,isaacjo01
232,Jaden Ivey,SG,20,DET,74,73,2304,6.4,15.4,0.416,1.9,5.5,0.343,4.5,9.9,0.457,4.2,5.6,0.747,1.1,3.4,4.5,6,1,0.3,3.7,3.8,18.8,iveyja01
233,Frank Jackson,PG,24,UTA,1,0,5,0,21.6,0,0,7.2,0,0,14.4,0,0,0,0,7.2,7.2,14.4,7.2,0,0,0,0,0,jacksfr01
234,Isaiah Jackson,C,21,IND,63,12,1042,6.2,11,0.563,0.1,0.5,0.143,6.1,10.5,0.582,3.3,5,0.651,3.9,5.8,9.7,1.8,1.1,3.2,1.8,5.3,15.7,jacksis01
235,Jaren Jackson Jr.,C,23,MEM,63,63,1787,8.4,16.6,0.506,2,5.7,0.355,6.4,10.9,0.585,4.9,6.2,0.788,2.2,6.4,8.6,1.2,1.3,3.8,2.2,4.6,23.6,jacksja02
236,Justin Jackson,SF,27,BOS,23,0,107,2.4,9.1,0.259,1.7,6.7,0.25,0.7,2.4,0.286,0.3,0.7,0.5,0.7,5,5.7,3,1.3,1.3,0.7,2.4,6.7,jacksju01
237,Quenton Jackson,PG,24,WAS,9,0,135,5.1,11.2,0.452,0.3,3.2,0.083,4.8,8,0.6,4.5,5.9,0.773,0.5,1.6,2.1,4,1.1,0.3,1.1,2.7,14.9,jacksqu01
238,Reggie Jackson,PG,32,TOT,68,40,1657,5.7,13.9,0.411,2.1,6.3,0.333,3.6,7.6,0.474,1.5,1.7,0.91,0.5,2.6,3.1,5.1,1,0.1,2.5,2.5,15.1,jacksre01
238,Reggie Jackson,PG,32,LAC,52,38,1338,5.8,13.8,0.418,2.1,5.9,0.35,3.7,7.9,0.469,1.6,1.8,0.924,0.6,2.5,3.1,4.9,1,0.1,2.6,2.5,15.2,jacksre01
238,Reggie Jackson,PG,32,DEN,16,2,319,5.5,14.4,0.383,2.1,7.7,0.279,3.4,6.8,0.5,1.1,1.4,0.833,0.3,2.8,3.2,5.6,1,0.1,2.1,2.5,14.3,jacksre01
239,LeBron James,PF,38,LAL,55,54,1954,11.2,22.5,0.5,2.2,6.9,0.321,9,15.5,0.58,4.6,6,0.768,1.2,7.2,8.4,6.9,0.9,0.6,3.3,1.6,29.3,jamesle01
240,Ty Jerome,SG,25,GSW,45,2,816,5.2,10.7,0.488,1.5,4,0.389,3.7,6.7,0.546,1.7,1.8,0.927,0.3,3.1,3.4,6,1,0.2,1.3,2.8,13.6,jeromty01
241,Isaiah Joe,SG,23,OKC,73,10,1395,5.8,13.1,0.441,4.2,10.2,0.409,1.6,2.9,0.553,2.1,2.6,0.82,0.7,3.8,4.5,2.3,1.2,0.2,1,2.7,17.8,joeis01
242,Alize Johnson,PF,26,SAS,4,0,30,3.6,7.2,0.5,0,2.4,0,3.6,4.8,0.75,1.2,2.4,0.5,2.4,9.6,12,1.2,1.2,0,4.8,3.6,8.4,johnsal02
243,Cameron Johnson,PF,26,TOT,42,41,1199,6.7,14.2,0.47,3.1,7.7,0.404,3.6,6.6,0.548,3,3.6,0.842,1,4.5,5.6,2.3,1.5,0.4,1.1,2.5,19.5,johnsca02
243,Cameron Johnson,PF,26,PHO,17,16,429,6.9,14.5,0.474,3.8,8.3,0.455,3.1,6.2,0.5,2.3,2.8,0.818,1.2,4.3,5.5,2.2,1.3,0.5,0.8,2.4,19.8,johnsca02
243,Cameron Johnson,PF,26,BRK,25,25,770,6.6,14.1,0.468,2.7,7.3,0.372,3.9,6.8,0.572,3.5,4.1,0.851,0.9,4.7,5.6,2.4,1.6,0.4,1.3,2.5,19.4,johnsca02
244,Jalen Johnson,SF,21,ATL,70,6,1042,5.5,11.1,0.491,1,3.6,0.288,4.4,7.5,0.587,1.7,2.7,0.628,1.8,8,9.7,2.9,1.3,1.2,1.4,3.9,13.6,johnsja05
245,James Johnson,PF,35,IND,18,1,162,4.9,10.9,0.449,0.7,3.3,0.2,4.2,7.6,0.559,0.9,1.8,0.5,0.9,5.8,6.7,3.3,1.6,1.3,1.8,7.1,11.3,johnsja01
246,Keldon Johnson,SF,23,SAS,63,63,2063,8.8,19.4,0.452,2.3,7.1,0.329,6.4,12.3,0.523,4.3,5.7,0.749,1,4.6,5.5,3.2,0.8,0.2,2.3,2.2,24.2,johnske04
247,Keon Johnson,SG,20,POR,40,0,416,5.8,15.4,0.376,2.4,7,0.346,3.4,8.4,0.402,2.3,3.5,0.659,1,2.9,3.8,5.1,1.6,0.5,3.7,3.7,16.4,johnske07
248,Stanley Johnson,SF,26,SAS,30,0,469,5,9.4,0.533,1.4,3.1,0.45,3.6,6.3,0.573,2,3,0.667,1.7,5.6,7.3,5.1,1.2,0.5,2.5,3.7,13.4,johnsst04
249,Nikola Joki?,C,27,DEN,69,69,2323,10,15.8,0.632,0.9,2.3,0.383,9.1,13.5,0.675,5.3,6.4,0.822,2.6,10.1,12.7,10.5,1.3,0.7,3.8,2.7,26.2,jokicni01
250,Carlik Jones,PG,25,CHI,7,0,56,3.9,9.6,0.4,1.9,3.9,0.5,1.9,5.8,0.333,3.2,5.1,0.625,0.6,2.6,3.2,3.9,1.3,0,1.3,1.3,12.9,jonesca03
251,Damian Jones,C,27,TOT,41,1,477,4.2,6.5,0.64,0.8,1.3,0.588,3.4,5.2,0.652,1.7,2.2,0.759,3.2,6,9.2,1.1,0.6,1.6,1.7,4.2,10.7,jonesda03
251,Damian Jones,C,27,LAL,22,1,176,4.1,7.6,0.541,0,0.6,0,4.1,7,0.588,3.1,4.1,0.75,3.7,7.6,11.3,0.8,0.6,2.5,1.8,3.5,11.3,jonesda03
251,Damian Jones,C,27,UTA,19,0,301,4.2,5.9,0.714,1.2,1.7,0.714,3,4.2,0.714,0.8,1.1,0.778,2.9,5.1,8,1.3,0.6,1.1,1.7,4.5,10.4,jonesda03
252,Derrick Jones Jr.,PF,25,CHI,64,0,893,4.6,9.3,0.5,1.1,3.2,0.338,3.5,6,0.587,2.5,3.4,0.738,2.4,3.7,6.2,1.4,1.2,1.5,1,3.5,12.9,jonesde02
253,Herbert Jones,PF,24,NOP,66,66,1951,4.3,9.2,0.469,1,3.1,0.335,3.3,6.2,0.536,2.3,3,0.764,1.8,3.2,5,3,1.9,0.8,1.6,3.8,12,joneshe01
254,Kai Jones,C,22,CHO,46,0,550,4.4,7.9,0.558,0.3,1.2,0.211,4.1,6.6,0.624,1.2,1.7,0.731,2.4,5.6,8.1,1,1.1,2,2,4.3,10.3,joneska01
255,Tre Jones,PG,23,SAS,68,65,1984,6.2,13.5,0.459,0.8,2.9,0.285,5.4,10.6,0.506,2.7,3.1,0.86,1,3.4,4.4,8.1,1.6,0.2,2,1.8,15.9,jonestr01
256,Tyus Jones,PG,26,MEM,80,22,1940,5.8,13.2,0.438,2.2,6,0.371,3.5,7.1,0.495,1.5,1.9,0.8,0.5,3.2,3.7,7.7,1.5,0.1,1.4,0.6,15.3,jonesty01
257,DeAndre Jordan,C,34,DEN,39,8,586,5.4,7.1,0.765,0.1,0.1,1,5.3,7,0.763,1.4,2.9,0.458,3.2,9.2,12.4,2.1,0.7,1.4,2.9,4.4,12.2,jordade01
258,Cory Joseph,PG,31,DET,62,2,1227,4.4,10.3,0.427,2.1,5.3,0.389,2.3,5,0.468,1.7,2.1,0.792,0.6,2.5,3.1,6.4,1,0.3,1.6,2.6,12.5,josepco01
259,Nikola Jovi?,PF,19,MIA,15,8,204,4.9,12.2,0.406,1.4,6.2,0.229,3.5,6,0.588,3.2,3.4,0.947,1.6,3.9,5.5,1.8,1.2,0.4,1.8,3.4,14.5,jovicni01
260,Johnny Juzang,SG,21,UTA,18,0,232,5.4,16.1,0.337,2.3,9.8,0.238,3.1,6.4,0.488,0.3,0.6,0.5,1.2,4.8,6.1,1.2,0.6,0.5,0.5,2,13.5,juzanjo01
261,Mfiondu Kabengele,PF,25,BOS,4,0,36,2,7,0.286,0,3,0,2,4,0.5,2,2,1,5,5,10,0,2,0,1,3,6,kabenmf01
262,Frank Kaminsky,C,29,TOT,36,0,235,4.7,9.7,0.492,2,5.1,0.394,2.8,4.6,0.6,2.1,2.5,0.875,1.1,6.9,8,4.9,0.9,0.6,1.4,3.4,13.6,kaminfr01
262,Frank Kaminsky,C,29,ATL,26,0,176,5.1,9,0.568,2.3,4.7,0.478,2.9,4.3,0.667,2,2.5,0.833,0.6,6.8,7.4,4.3,1,0.2,1.8,4.3,14.5,kaminfr01
262,Frank Kaminsky,C,29,HOU,10,0,59,3.7,11.6,0.316,1.2,6.1,0.2,2.4,5.5,0.444,2.4,2.4,1,2.4,7.3,9.8,6.7,0.6,1.8,0,0.6,11,kaminfr01
263,Trevor Keels,SG,19,NYK,3,0,8,4.5,18,0.25,4.5,18,0.25,0,0,,0,0,0,0,9,9,0,0,0,0,0,13.5,keelstr01
264,Luke Kennard,SG,26,TOT,59,14,1315,5.1,10.5,0.492,3.6,7.4,0.494,1.5,3.1,0.487,1,1.1,0.949,0.4,3.9,4.3,2.5,0.9,0.1,1.3,2.2,14.9,kennalu01
264,Luke Kennard,SG,26,LAC,35,11,725,4.9,10.5,0.464,2.9,6.6,0.447,1.9,3.9,0.494,0.9,1,0.95,0.3,3.8,4.1,1.8,0.9,0.2,1.5,2.3,13.6,kennalu01
264,Luke Kennard,SG,26,MEM,24,3,590,5.5,10.4,0.526,4.5,8.4,0.54,1,2.1,0.471,1.1,1.2,0.947,0.5,4,4.6,3.3,0.8,0.1,1,2.1,16.6,kennalu01
265,Walker Kessler,C,21,UTA,74,40,1703,6.3,8.8,0.72,0,0.1,0.333,6.3,8.7,0.723,1.7,3.4,0.516,4.9,8.2,13.1,1.5,0.5,3.7,1.2,3.6,14.4,kesslwa01
266,Braxton Key,SF,25,DET,3,0,9,4,4,1,0,0,,4,4,1,8,8,1,0,4,4,0,0,0,0,0,16,keybr01
267,Louis King,PF,23,PHI,1,0,29,9.9,16.1,0.615,5,9.9,0.5,5,6.2,0.8,0,1.2,0,2.5,2.5,5,2.5,1.2,0,2.5,5,24.8,kinglo02
268,Corey Kispert,SF,23,WAS,74,45,2093,5,10.1,0.497,2.8,6.6,0.424,2.2,3.5,0.637,1.3,1.5,0.852,0.6,3,3.6,1.5,0.6,0.2,0.9,1.7,14.1,kispeco01
269,Maxi Kleber,PF,31,DAL,37,5,930,3,6.5,0.456,1.5,4.3,0.348,1.5,2.2,0.667,1,1.5,0.711,1.2,4.1,5.2,2,0.5,1.2,1,3.3,8.5,klebima01
270,Nathan Knight,C,25,MIN,38,0,291,5.7,10,0.568,1,2.7,0.364,4.7,7.3,0.644,4.8,7.1,0.684,2.7,4.2,6.9,1.6,1.2,0.7,2.6,5.1,17.2,knighna01
271,Kevin Knox,SF-PF,23,TOT,63,5,952,5.7,12.6,0.458,2.5,7,0.349,3.3,5.5,0.596,1.7,2.3,0.767,1.3,5.4,6.7,1.2,0.9,0.5,1.9,3.6,15.7,knoxke01
271,Kevin Knox,SF,23,DET,42,1,593,5.1,10.9,0.469,2.6,7,0.371,2.5,3.8,0.651,1.6,2,0.788,1.2,5.3,6.6,0.9,0.8,0.7,1.9,4.5,14.4,knoxke01
271,Kevin Knox,PF,23,POR,21,4,359,6.8,15.3,0.444,2.2,7,0.314,4.6,8.3,0.554,2,2.7,0.741,1.4,5.5,6.9,1.8,1,0,1.8,2.1,17.8,knoxke01
272,Christian Koloko,C,22,TOR,58,19,802,3.2,6.7,0.48,0,0.5,0.083,3.2,6.2,0.514,1.7,2.6,0.627,3.8,3.9,7.7,1.4,0.9,2.6,0.9,5.7,8.2,kolokch01
273,John Konchar,SF,26,MEM,72,23,1494,3.3,7.7,0.431,1.4,4.3,0.339,1.9,3.4,0.545,0.7,0.9,0.778,1.5,5.9,7.5,2.4,1.9,0.6,0.9,2.7,8.8,konchjo01
274,Furkan Korkmaz,SG,25,PHI,37,0,353,4.9,11.3,0.432,1.8,4.7,0.391,3.1,6.6,0.462,2.7,3.7,0.722,0.6,3.7,4.3,2.2,1,0.3,2.4,1.8,14.3,korkmfu01
275,Luke Kornet,C,27,BOS,69,0,804,5.1,7.6,0.665,0.1,0.6,0.231,4.9,7,0.701,1.4,1.7,0.821,3.9,5,8.8,2.4,0.5,2.1,1.1,3.6,11.7,kornelu01
276,Vit Krejci,PG,22,ATL,29,0,165,3.3,8.1,0.405,1.1,4.6,0.238,2.2,3.5,0.625,0.2,0.4,0.5,1.3,4.4,5.7,3.7,1.1,0.2,1.1,3.7,7.9,krejcvi01
277,Jonathan Kuminga,PF,20,GSW,67,16,1394,6.7,12.8,0.525,1.4,3.8,0.37,5.3,9.1,0.59,2.3,3.6,0.652,1.8,4.2,6,3.2,1.1,0.8,2.5,4.1,17.2,kuminjo01
278,Kyle Kuzma,PF,27,WAS,64,64,2239,8.2,18.4,0.448,2.6,7.7,0.333,5.7,10.6,0.533,2.8,3.8,0.73,0.9,6.6,7.4,3.8,0.6,0.5,3.1,2.3,21.8,kuzmaky01
279,Anthony Lamb,SF,25,GSW,62,4,1195,4.5,9.5,0.471,2.2,6,0.367,2.3,3.5,0.652,1.4,1.8,0.767,1.7,4.8,6.5,2.9,0.8,0.6,1.6,4,12.5,lamban01
280,Jock Landale,C,27,PHO,69,4,979,6.5,12.4,0.528,0.8,3.1,0.25,5.8,9.3,0.621,2.9,3.9,0.752,4.4,5.9,10.3,2.5,0.6,1.1,2.2,4.6,16.8,landajo01
281,Romeo Langford,SG,23,SAS,43,21,844,5.2,11,0.467,0.7,2.6,0.262,4.5,8.4,0.53,1.7,2.4,0.696,2.4,2.4,4.9,2.1,1,0.6,1.3,2.9,12.7,langfro01
282,Jake LaRavia,PF,21,MEM,35,0,414,3.2,8.3,0.389,2.1,6.2,0.338,1.1,2.1,0.542,0.6,0.8,0.778,1.7,3.8,5.5,1.8,1,0.3,1.6,4.3,9.1,laravja01
283,Zach LaVine,SG,27,CHI,77,77,2768,8.8,18.1,0.485,2.7,7.1,0.375,6.1,11,0.556,4.7,5.6,0.848,0.5,3.9,4.5,4.3,0.9,0.2,2.5,2.1,24.9,lavinza01
284,A.J. Lawson,SG,22,TOT,15,0,108,7.3,14.7,0.5,3.3,8.3,0.4,4,6.3,0.632,0.7,2.7,0.25,2,5,7,0.7,0.7,0,1,3.7,18.7,lawsoaj01
284,A.J. Lawson,SG,22,MIN,1,0,2,18,18,1,0,0,,18,18,1,0,0,0,0,18,18,0,0,0,0,18,36,lawsoaj01
284,A.J. Lawson,SG,22,DAL,14,0,106,7.1,14.6,0.488,3.4,8.5,0.4,3.7,6.1,0.611,0.7,2.7,0.25,2,4.8,6.8,0.7,0.7,0,1,3.4,18.3,lawsoaj01
285,Damion Lee,SG,30,PHO,74,5,1506,4.8,10.8,0.442,2.6,5.9,0.445,2.2,4.9,0.439,2.2,2.5,0.904,0.9,4.4,5.4,2.4,0.7,0.2,1.9,2.8,14.4,leeda03
286,Saben Lee,PG,23,TOT,25,1,373,4.7,11.7,0.405,1.1,2.9,0.367,3.7,8.8,0.418,4.1,5.5,0.737,1.3,3.1,4.3,6.5,1.8,0.1,2.3,3.1,14.6,leesa01
286,Saben Lee,PG,23,PHI,2,0,10,10.8,14.4,0.75,0,3.6,0,10.8,10.8,1,0,0,0,0,0,0,7.2,3.6,0,10.8,3.6,21.6,leesa01
286,Saben Lee,PG,23,PHO,23,1,363,4.6,11.6,0.393,1.1,2.9,0.379,3.5,8.7,0.398,4.2,5.7,0.737,1.3,3.2,4.5,6.4,1.8,0.1,2.1,3.1,14.4,leesa01
287,Alex Len,C,29,SAC,26,2,161,3.6,6.7,0.533,0,0.4,0,3.6,6.3,0.571,2.5,3.6,0.688,5.4,8,13.4,2.7,0.9,2.5,3.6,6.3,9.6,lenal01
288,Kawhi Leonard,SF,31,LAC,52,50,1748,9.2,17.9,0.512,2.1,5.1,0.416,7,12.8,0.551,5,5.7,0.871,1.2,5.8,7,4.2,1.5,0.6,1.8,1.7,25.5,leonaka01
289,Meyers Leonard,C,30,MIL,9,2,114,4.4,9.2,0.483,2.2,5.7,0.389,2.2,3.5,0.636,2.5,2.8,0.889,3.8,6.9,10.7,0.3,0.6,0,1.9,5.1,13.6,leoname01
290,Caris LeVert,SG,28,CLE,74,30,2237,5.1,11.9,0.431,2,5.2,0.392,3.1,6.7,0.462,2.1,2.9,0.722,0.9,3.7,4.5,4.6,1.2,0.4,1.9,2.7,14.4,leverca01
291,Kira Lewis Jr.,PG,21,NOP,25,0,235,6.1,13.5,0.455,2.3,5.2,0.441,3.8,8.3,0.463,2.9,3.4,0.864,0.8,4.3,5.1,3.5,1.5,0.3,1.5,3.7,17.5,lewiski01
292,Damian Lillard,PG,32,POR,58,58,2107,9.5,20.5,0.463,4.2,11.2,0.371,5.3,9.3,0.574,8.7,9.5,0.914,0.8,4,4.7,7.3,0.9,0.3,3.3,1.9,31.9,lillada01
293,Nassir Little,SF,22,POR,54,4,976,4.9,11.2,0.442,2.1,5.8,0.367,2.8,5.3,0.524,1.2,1.7,0.717,1,4.2,5.2,1.8,0.7,0.7,1.3,2.4,13.2,littlna01
294,Isaiah Livers,PF,24,DET,52,22,1199,3.6,8.6,0.417,2.2,6.1,0.365,1.4,2.6,0.541,1,1.2,0.821,0.8,3.5,4.3,1.2,0.8,0.8,0.9,3.1,10.4,liveris01
295,Kenneth Lofton Jr.,PF,20,MEM,24,1,176,10,19,0.527,1.2,3.5,0.353,8.8,15.5,0.566,3.3,5.5,0.593,3.9,6.5,10.4,4.1,1,0.4,2.5,5.7,24.5,loftoke01
296,Kevon Looney,C,26,GSW,82,70,1958,4.4,7.1,0.63,0,0,0,4.4,7,0.632,1.7,2.8,0.606,5,8.9,14,3.8,1,0.9,0.8,4.1,10.6,looneke01
297,Brook Lopez,C,34,MIL,78,78,2373,7.2,13.6,0.531,2.1,5.5,0.374,5.2,8.1,0.637,2.3,2.9,0.784,2.4,5.5,7.9,1.5,0.6,2.9,1.6,3.1,18.8,lopezbr01
298,Robin Lopez,C,34,CLE,37,2,299,5.8,9,0.64,0.2,0.5,0.5,5.5,8.5,0.648,1.7,2.2,0.778,2.8,3.4,6.1,2.3,0.2,1,3,5.2,13.5,lopezro01
299,Kevin Love,PF,34,TOT,62,20,1240,4.8,12.3,0.389,2.9,8.6,0.334,1.9,3.7,0.516,2.3,2.6,0.879,1.7,9.9,11.6,3.4,0.5,0.3,2,2.8,14.8,loveke01
299,Kevin Love,PF,34,CLE,41,3,821,4.9,12.5,0.389,3,8.6,0.354,1.8,3.9,0.467,2.5,2.8,0.889,1.8,10.4,12.3,3.3,0.3,0.3,2.1,2.9,15.2,loveke01
299,Kevin Love,PF,34,MIA,21,17,419,4.6,11.9,0.388,2.6,8.7,0.297,2.1,3.3,0.632,2.1,2.4,0.857,1.5,8.8,10.2,3.4,0.8,0.4,2,2.7,13.9,loveke01
300,Kyle Lowry,PG,36,MIA,55,44,1718,4.1,10.2,0.404,2.2,6.5,0.345,1.9,3.7,0.509,2.4,2.8,0.859,0.9,3.8,4.7,5.9,1.2,0.4,2.2,3,12.9,lowryky01
301,Trey Lyles,PF,27,SAC,74,0,1247,5.4,11.8,0.458,2.5,6.9,0.363,2.9,4.9,0.595,2.9,3.6,0.815,2,6.7,8.7,1.9,0.8,0.9,1.8,2.8,16.2,lylestr01
302,Théo Maledon,PG,21,CHO,44,7,854,4.3,10.7,0.402,1.2,4,0.295,3.1,6.7,0.465,2.7,3.1,0.851,0.6,4.6,5.2,6.4,1.6,0.5,2.5,2.6,12.4,maledth01
303,Sandro Mamukelashvili,C,23,TOT,43,7,660,5.3,12.5,0.422,1.6,5.4,0.303,3.7,7.1,0.511,2.1,3.1,0.684,3.8,6.3,10.1,3.4,0.8,0.7,1.9,2.8,14.3,mamuksa01
303,Sandro Mamukelashvili,C,23,MIL,24,0,217,3.2,9.6,0.328,1.2,5.3,0.219,2,4.3,0.462,2,3,0.667,3,6.3,9.3,2.7,0.7,0.8,1.5,3.2,9.5,mamuksa01
303,Sandro Mamukelashvili,C,23,SAS,19,7,443,6.3,14,0.453,1.9,5.4,0.343,4.5,8.5,0.524,2.2,3.2,0.692,4.2,6.3,10.5,3.7,0.8,0.6,2.1,2.7,16.7,mamuksa01
304,Terance Mann,SG,26,LAC,81,36,1872,5.2,10.1,0.519,1.5,3.8,0.389,3.7,6.3,0.598,1.8,2.3,0.78,1.5,3.8,5.3,3.5,0.8,0.4,1.5,2.9,13.7,mannte01
305,Tre Mann,PG,21,OKC,67,5,1183,6,15.2,0.393,2.5,7.8,0.315,3.5,7.4,0.475,1.3,1.7,0.764,0.8,3.9,4.7,3.7,1.2,0.3,1.9,3,15.7,manntr01
306,Boban Marjanovi?,C,34,HOU,31,0,171,8.6,12.6,0.683,0,0.2,0,8.6,12.4,0.695,4.2,5.7,0.741,4.2,8.4,12.6,1.9,1.1,0.4,2.9,2.1,21.5,marjabo01
307,Lauri Markkanen,PF,25,UTA,66,66,2273,9,18.1,0.499,3.2,8.1,0.391,5.9,10,0.585,5.5,6.3,0.875,2.1,7,9,1.9,0.7,0.6,2,2.2,26.8,markkla01
308,Naji Marshall,SF,25,NOP,77,21,1792,5,11.5,0.433,1.3,4.4,0.303,3.6,7.1,0.513,2.8,3.5,0.789,1,4.6,5.6,3.8,1.1,0.3,1.9,2.3,14,marshna01
309,Caleb Martin,SF,27,MIA,71,49,2077,4.4,9.5,0.464,1.5,4.1,0.356,2.9,5.4,0.545,1.6,2,0.805,1.5,4.4,6,2,1.2,0.5,1.4,2.5,11.8,martica02
310,Cody Martin,SF,27,CHO,7,0,134,3.8,9.7,0.389,0.8,3.8,0.214,3,5.9,0.5,1.1,1.9,0.571,2.1,4.3,6.4,3,1.1,0.3,0.5,3.5,9.4,martico01
311,KJ Martin,SF,22,HOU,82,49,2292,6.4,11.3,0.569,1.1,3.4,0.315,5.4,7.9,0.679,2.4,3.5,0.68,2,5.1,7.1,1.9,0.6,0.5,1.4,2.3,16.3,martike04
312,Tyrese Martin,SG,23,ATL,16,0,66,4.9,12.5,0.391,0.5,3.8,0.143,4.4,8.7,0.5,1.1,1.1,1,2.7,3.8,6.5,1.1,0.5,0,1.1,1.1,11.5,martity01
313,Garrison Mathews,SG,26,TOT,54,0,686,3.8,10.5,0.363,3.3,9.4,0.35,0.5,1.1,0.476,2.5,2.8,0.906,0.6,3.3,3.8,1.4,1.3,0.3,1,3.3,13.5,mathega01
313,Garrison Mathews,SG,26,HOU,45,0,602,3.6,10.2,0.353,3.2,9.3,0.342,0.4,0.9,0.467,2.5,2.7,0.911,0.6,3.1,3.7,1.4,1.4,0.2,1.1,3.3,12.8,mathega01
313,Garrison Mathews,SG,26,ATL,9,0,84,5.6,13.3,0.419,4.3,10.7,0.4,1.3,2.6,0.5,3,3.4,0.875,0.4,4.3,4.7,1.3,0.4,0.4,0.4,2.6,18.4,mathega01
314,Bennedict Mathurin,SG,20,IND,78,17,2222,6.7,15.4,0.434,1.6,5,0.323,5.1,10.4,0.488,6.1,7.4,0.828,1.4,3.7,5.2,1.9,0.8,0.2,2.5,2.6,21.1,mathube01
315,Wesley Matthews,SF,36,MIL,52,0,820,2.5,7,0.363,1.7,5.4,0.315,0.8,1.6,0.528,1.1,1.2,0.857,1.5,3.5,5,1.5,0.9,0.6,0.8,3.1,7.9,matthwe02
316,Tyrese Maxey,SG,22,PHI,60,41,2016,7.8,16.3,0.481,2.9,6.6,0.434,5,9.7,0.513,3.2,3.8,0.845,0.4,2.7,3.1,3.8,0.9,0.1,1.4,2.4,21.7,maxeyty01
317,Skylar Mays,PG,25,POR,6,6,189,6.5,13,0.5,2.3,5,0.462,4.2,8,0.524,2.3,2.5,0.923,0.4,3.2,3.6,9.5,1.1,0.2,1.9,2.1,17.5,mayssk01
318,Miles McBride,PG,22,NYK,64,2,760,3.6,10.2,0.358,1.9,6.3,0.299,1.8,3.8,0.457,1.3,2,0.667,0.6,1.8,2.4,3.4,1.8,0.4,1.2,2.8,10.5,mcbrimi01
319,Mac McClung,SG,24,PHI,2,0,41,7.9,17.6,0.45,3.5,9.7,0.364,4.4,7.9,0.556,2.6,4.4,0.6,2.6,6.1,8.8,7.9,0,0,2.6,2.6,22,mccluma01
320,CJ McCollum,PG,31,NOP,75,75,2649,8,18.3,0.437,2.9,7.4,0.389,5.1,10.9,0.469,2.5,3.2,0.769,0.7,3.7,4.5,5.8,1,0.5,2.5,2.1,21.3,mccolcj01
321,T.J. McConnell,PG,30,IND,75,6,1526,6.7,12.3,0.543,0.6,1.4,0.441,6.1,10.9,0.556,1.4,1.6,0.853,1.1,4.5,5.5,9.4,1.9,0.2,3.4,2.5,15.3,mccontj01
322,Jaden McDaniels,SF,22,MIN,79,79,2416,5.5,10.7,0.517,1.6,4,0.398,3.9,6.7,0.588,1.6,2.1,0.736,1.4,3.2,4.6,2.2,1.1,1.1,1.7,4.1,14.2,mcdanja02
323,Jalen McDaniels,SF,25,TOT,80,24,1913,5.3,11.6,0.455,1.4,4.4,0.332,3.8,7.2,0.53,2.2,2.6,0.841,1.2,5.3,6.5,2.4,1.6,0.6,1.8,3.9,14.2,mcdanja01
323,Jalen McDaniels,SF,25,CHO,56,21,1494,5.3,11.9,0.447,1.6,4.9,0.322,3.8,7,0.534,2.1,2.5,0.846,1.1,5.4,6.5,2.7,1.6,0.7,1.9,3.8,14.3,mcdanja01
323,Jalen McDaniels,SF,25,PHI,24,3,419,5.2,10.6,0.488,1,2.6,0.4,4.1,8,0.516,2.4,2.9,0.824,1.6,4.9,6.5,1.6,1.5,0.4,1.1,4.4,13.7,mcdanja01
324,Doug McDermott,SF,31,SAS,64,0,1314,6.5,14.3,0.457,3.4,8.2,0.413,3.2,6.2,0.516,1.5,1.9,0.757,0.7,3.2,3.8,2.5,0.4,0.2,1.6,3.2,17.9,mcderdo01
325,JaVale McGee,C,35,DAL,42,7,355,8.1,12.7,0.64,0.2,0.5,0.4,7.9,12.2,0.65,2.4,4.2,0.585,3,7.8,10.9,1.1,0.4,2.6,3.7,5.5,18.9,mcgeeja01
326,Bryce McGowens,SG,20,CHO,46,7,787,3.7,9.2,0.396,1.2,3.7,0.325,2.5,5.6,0.443,2.7,3.7,0.75,0.9,3.3,4.3,2.5,0.7,0.3,2,2.2,11.3,mcgowbr01
327,Rodney McGruder,SG,31,DET,32,12,524,4.3,10.4,0.408,2.8,6.7,0.423,1.4,3.8,0.382,1.2,1.5,0.818,1.4,3.7,5.1,1.9,1.1,0.1,0.8,2.7,12.6,mcgruro01
328,Jordan McLaughlin,PG,26,MIN,43,0,678,3.2,7.7,0.421,1.3,4.1,0.308,2,3.6,0.552,0.8,1,0.833,0.8,2.5,3.3,7.9,1.7,0.2,1.8,1.5,8.5,mclaujo01
329,De'Anthony Melton,SG,24,PHI,77,58,2150,4.6,10.9,0.425,2.6,6.7,0.39,2,4.2,0.484,1.2,1.5,0.793,1.2,4.1,5.2,3.3,2.1,0.7,1.7,3.2,13.1,meltode01
330,Sam Merrill,SG,26,CLE,5,0,59,5.5,13.4,0.409,3.1,11,0.278,2.4,2.4,1,1.2,1.2,1,0,5.5,5.5,3.1,2.4,0,0,1.8,15.3,merrisa01
331,Chimezie Metu,PF,25,SAC,66,0,689,6.7,11.4,0.589,0.5,2,0.237,6.3,9.5,0.663,2.8,3.8,0.74,2.5,7.9,10.3,2.1,1.1,1.1,1.7,4.2,16.8,metuch01
332,Khris Middleton,SF,31,MIL,33,19,801,8,18.2,0.436,2.3,7.3,0.315,5.7,11,0.516,4.1,4.6,0.902,1.3,5,6.3,7.3,1,0.2,3.2,3.1,22.3,middlkh01
333,Patty Mills,PG,34,BRK,40,2,567,5.5,13.3,0.411,3.1,8.5,0.366,2.3,4.8,0.493,1.6,1.9,0.833,0.5,2.3,2.8,3.6,1,0.2,1.9,2,15.6,millspa02
334,Shake Milton,SG,26,PHI,76,11,1567,5.5,11.6,0.479,1.3,3.4,0.378,4.3,8.2,0.521,2.3,2.7,0.853,0.9,3.5,4.4,5.5,0.6,0.3,2.2,2.8,14.6,miltosh01
335,Justin Minaya,SF,23,POR,4,0,89,2.8,9.3,0.304,1.2,4.9,0.25,1.6,4.4,0.364,0,0.4,0,1.2,4.9,6.1,1.6,0.8,2,1.6,3.6,6.9,minayju01
336,Josh Minott,SF,20,MIN,15,0,96,6.8,13.5,0.5,0.7,2.3,0.333,6,11.3,0.533,3,3,1,1.9,7.5,9.4,1.9,1.5,2.3,1.1,3.7,17.2,minotjo01
337,Davion Mitchell,PG,24,SAC,80,9,1447,4.5,9.9,0.454,1.6,4.9,0.32,2.9,5,0.584,0.6,0.8,0.806,0.4,2.2,2.6,4.6,1.1,0.4,1.5,2.8,11.2,mitchda01
338,Donovan Mitchell,SG,26,CLE,68,68,2432,10.1,20.8,0.484,3.6,9.4,0.386,6.4,11.4,0.566,4.7,5.4,0.867,0.9,3.3,4.3,4.5,1.5,0.4,2.7,2.5,28.5,mitchdo01
339,Evan Mobley,PF,21,CLE,79,79,2715,7,12.6,0.554,0.3,1.4,0.216,6.7,11.2,0.595,2.7,4,0.674,2.5,6.9,9.4,3,0.8,1.6,1.9,2.9,16.9,mobleev01
340,Isaiah Mobley,PF,23,CLE,12,0,84,5.1,12,0.429,1.3,3.4,0.375,3.9,8.6,0.45,1.7,1.7,1,1.7,6.9,8.6,1.3,1.7,1.3,0.4,3.4,13.3,mobleis01
341,Chima Moneke,SF,27,SAC,2,0,8,4.5,9,0.5,0,0,,4.5,9,0.5,0,9,0,9,0,9,4.5,0,0,9,9,9,monekch01
342,Malik Monk,SG,24,SAC,77,0,1719,7.5,16.7,0.448,3,8.3,0.359,4.5,8.3,0.538,3.9,4.3,0.889,0.7,3.6,4.3,6.2,1,0.4,3.1,2.6,21.8,monkma01
343,Moses Moody,SG,20,GSW,63,3,817,4.8,10,0.476,2.2,5.9,0.363,2.6,4.1,0.641,1.6,2.3,0.698,1.2,3.4,4.6,2.2,0.8,0.3,1.5,2.4,13.3,moodymo01
344,Xavier Moon,SG,28,LAC,4,0,20,5.4,16.2,0.333,1.8,5.4,0.333,3.6,10.8,0.333,0,0,0,0,5.4,5.4,9,0,0,1.8,3.6,12.6,moonxa01
345,Wendell Moore Jr.,SG,21,MIN,29,2,153,4.2,10.1,0.419,0.5,4,0.118,3.8,6.1,0.615,0.9,1.2,0.8,0.9,3.3,4.2,4.2,1.9,1.2,1.9,3.1,9.9,moorewe01
346,Ja Morant,PG,23,MEM,61,59,1948,10.5,22.4,0.466,1.7,5.5,0.307,8.8,16.9,0.519,6.9,9.2,0.748,1.1,5.5,6.6,9.1,1.2,0.3,3.8,1.8,29.5,moranja01
347,Marcus Morris,PF,33,LAC,65,65,1825,5.4,12.7,0.426,2.2,6.1,0.364,3.2,6.6,0.484,1.3,1.7,0.782,0.6,4.5,5.1,2.2,0.8,0.4,1.1,2.7,14.4,morrima03
348,Markieff Morris,PF,33,TOT,35,2,355,4.8,11.7,0.409,2.8,7.2,0.394,1.9,4.5,0.432,1,1,1,1.3,5.9,7.2,3.1,0.9,0.5,1.8,4.9,13.4,morrima02
348,Markieff Morris,PF,33,BRK,27,1,285,4.2,10.4,0.402,2.5,6.2,0.408,1.6,4.2,0.394,1.3,1.3,1,1.6,5.8,7.5,3.2,1,0.6,1.8,4.2,12.1,morrima02
348,Markieff Morris,PF,33,DAL,8,1,70,7.2,17,0.424,4.1,11.3,0.364,3.1,5.7,0.545,0,0,0,0,6.2,6.2,3.1,0.5,0,2.1,7.7,18.5,morrima02
349,Monte Morris,PG,27,WAS,62,61,1695,5.2,10.9,0.48,1.7,4.3,0.382,3.6,6.6,0.543,1.4,1.6,0.831,0.6,3.9,4.5,6.9,0.9,0.3,1.3,1.6,13.5,morrimo01
350,Trey Murphy III,SF,22,NOP,79,65,2448,5.7,11.8,0.484,3,7.3,0.406,2.7,4.5,0.611,2.5,2.8,0.905,0.9,3.3,4.1,1.6,1.3,0.6,0.9,2.3,16.9,murphtr02
351,Dejounte Murray,SG,26,ATL,74,74,2693,8.2,17.6,0.464,1.8,5.2,0.344,6.4,12.5,0.514,2.1,2.5,0.832,0.7,4.5,5.2,6,1.5,0.3,2.1,1.4,20.3,murrade01
352,Jamal Murray,PG,25,DEN,65,65,2133,8,17.6,0.454,2.9,7.3,0.398,5.1,10.3,0.494,3,3.6,0.833,0.8,3.5,4.3,6.8,1.1,0.3,2.4,1.7,21.9,murraja01
353,Keegan Murray,SF,22,SAC,80,78,2382,5.4,11.8,0.453,3.1,7.6,0.411,2.2,4.2,0.527,0.9,1.2,0.765,1.3,4.3,5.6,1.5,0.9,0.6,0.9,2.4,14.8,murrake02
354,Mike Muscala,C,31,TOT,63,9,945,5,11.1,0.449,3.1,7.9,0.391,1.9,3.2,0.588,1.5,2,0.769,1.4,6.3,7.7,1.9,0.6,0.9,0.9,3.7,14.6,muscami01
354,Mike Muscala,C,31,OKC,43,5,622,5.2,11.7,0.438,3.2,8.2,0.394,1.9,3.5,0.541,1.8,2.3,0.795,1.3,6.5,7.8,2.2,0.6,1.1,0.8,4.1,15.3,muscami01
354,Mike Muscala,C,31,BOS,20,4,323,4.7,9.9,0.472,2.8,7.2,0.385,1.9,2.7,0.708,1,1.4,0.692,1.6,6,7.6,1.3,0.4,0.6,1,3.1,13.2,muscami01
355,Svi Mykhailiuk,SF,25,TOT,32,8,468,5.9,13.3,0.445,3.2,7.6,0.424,2.7,5.7,0.473,2,3,0.667,1.2,2.9,4.1,4.1,1.2,0.3,1.8,1.8,17.1,mykhasv01
355,Svi Mykhailiuk,SF,25,NYK,13,0,40,5.4,10.8,0.5,5.4,9,0.6,0,1.8,0,2.7,4.5,0.6,0,6.3,6.3,0.9,0.9,0,1.8,0.9,18.9,mykhasv01
355,Svi Mykhailiuk,SF,25,CHO,19,8,428,6,13.5,0.441,3,7.5,0.404,2.9,6.1,0.486,1.9,2.9,0.676,1.3,2.6,3.9,4.4,1.2,0.3,1.9,1.9,16.9,mykhasv01
356,Larry Nance Jr.,C,30,NOP,65,1,1381,4.8,8,0.61,0.4,1.1,0.333,4.5,6.9,0.654,1.4,2.1,0.696,2.8,6.5,9.2,3.1,1.5,1,1.1,3.5,11.5,nancela02
357,Andrew Nembhard,SG,23,IND,75,63,2073,4.9,11.2,0.441,1.6,4.6,0.35,3.3,6.6,0.504,0.9,1.1,0.79,0.6,2.8,3.5,5.9,1.2,0.2,2.2,3.1,12.3,nembhan01
358,Aaron Nesmith,SF,23,IND,73,60,1816,5,11.7,0.427,2.3,6.2,0.366,2.7,5.5,0.496,2.4,2.8,0.838,1.2,4.3,5.5,1.9,1.1,0.7,1.5,4.7,14.6,nesmiaa01
359,Raul Neto,PG,30,CLE,48,1,505,4.1,7.8,0.518,0.9,3,0.286,3.2,4.8,0.662,2.2,2.4,0.912,0.7,2.6,3.3,5.6,1.2,0.3,1.7,3.5,11.2,netora01
360,Georges Niang,PF,29,PHI,78,1,1512,5.3,12,0.442,3.7,9.1,0.401,1.6,2.8,0.576,0.9,1.1,0.867,0.5,4,4.4,1.8,0.7,0.3,1.3,3.5,15.2,niangge01
361,Daishen Nix,PG,20,HOU,57,7,914,3.2,9.3,0.342,1.6,5.5,0.286,1.6,3.8,0.423,0.9,1.4,0.667,0.7,3.2,3.9,5.2,1.2,0.3,3.4,2.3,8.9,nixda01
362,Zeke Nnaji,PF,22,DEN,53,5,728,5.4,9.7,0.561,0.8,3.2,0.262,4.6,6.5,0.71,2,3.1,0.645,3.2,3.6,6.8,0.9,0.8,1.1,1.5,5.2,13.7,nnajize01
363,Nerlens Noel,C,28,TOT,17,4,195,2.4,6.6,0.361,0.2,0.4,0.5,2.2,6.3,0.353,1.5,2.2,0.667,1.8,6.6,8.5,1.8,3,1.8,2.4,5.9,6.5,noelne01
363,Nerlens Noel,C,28,DET,14,3,152,2.8,7.1,0.4,0.2,0.5,0.5,2.6,6.6,0.393,1.7,2.4,0.7,1.7,7.1,8.8,1.7,3.1,2.1,1.9,5.9,7.6,noelne01
363,Nerlens Noel,C,28,BRK,3,1,43,0.8,5,0.167,0,0,,0.8,5,0.167,0.8,1.7,0.5,2.5,5,7.5,2.5,2.5,0.8,4.2,5.9,2.5,noelne01
364,Jaylen Nowell,SG,23,MIN,65,2,1252,8.1,18,0.448,1.9,6.7,0.289,6.1,11.3,0.542,2.2,2.8,0.778,1,3.9,4.9,3.8,1.2,0.1,1.9,2.9,20.2,nowelja01
365,Frank Ntilikina,SG,24,DAL,47,5,607,2.8,7.8,0.364,1,4,0.254,1.8,3.9,0.477,1.3,2,0.667,0.4,3.3,3.7,3.4,0.9,0.4,1.7,3.9,8,ntilila01
366,Kendrick Nunn,SG,27,TOT,70,2,964,7.1,16.8,0.424,3,8.3,0.354,4.2,8.5,0.493,1.3,1.5,0.854,0.6,3.5,4.1,3.4,1,0.3,2.5,2.5,18.5,nunnke01
366,Kendrick Nunn,SG,27,LAL,39,2,528,7,17.1,0.406,2.8,8.6,0.325,4.2,8.5,0.488,1.2,1.4,0.81,0.3,3.4,3.7,2.3,0.7,0.2,2.1,2.4,17.9,nunnke01
366,Kendrick Nunn,SG,27,WAS,31,0,436,7.3,16.4,0.447,3.1,8,0.392,4.2,8.4,0.5,1.5,1.7,0.9,0.8,3.6,4.5,4.6,1.4,0.3,2.9,2.6,19.3,nunnke01
367,Jusuf Nurki?,C,28,POR,52,52,1391,6.8,13.1,0.519,1.1,3.1,0.361,5.7,10,0.567,3.3,5,0.661,3,9.2,12.2,3.9,1.1,1.1,3.1,4.8,18,nurkiju01
368,Jordan Nwora,SF,24,TOT,62,14,1188,5.9,13.5,0.436,2.6,6.4,0.408,3.3,7.1,0.462,2.1,2.6,0.791,1.5,5.4,6.9,2.7,0.7,0.4,2,2.2,16.4,nworajo01
368,Jordan Nwora,SF,24,MIL,38,3,597,4.6,11.9,0.386,2.4,6.2,0.392,2.2,5.7,0.379,2.2,2.6,0.86,1.7,5.3,7.1,2.3,0.7,0.4,2.1,2.1,13.8,nworajo01
368,Jordan Nwora,SF,24,IND,24,11,591,7.2,15.1,0.476,2.8,6.6,0.422,4.4,8.5,0.518,1.9,2.6,0.721,1.3,5.5,6.8,3,0.7,0.4,1.9,2.4,19.1,nworajo01
369,Royce O'Neale,SF,29,BRK,76,53,2409,3.4,8.9,0.386,2.4,6.3,0.389,1,2.6,0.379,0.7,1,0.725,0.8,4.9,5.7,4.2,1,0.7,1.7,3.6,10,onealro01
370,Chuma Okeke,SF,24,ORL,27,8,518,3,8.5,0.352,1.8,6,0.302,1.2,2.5,0.472,1.1,1.5,0.762,1.8,4.9,6.7,2.6,1.3,0.8,1.2,2.8,8.9,okekech01
371,Josh Okogie,SG,24,PHO,72,26,1350,4.3,11,0.391,1.8,5.3,0.335,2.6,5.8,0.442,3.7,5.1,0.724,2.9,3.8,6.7,2.8,1.5,0.9,1.7,3,14.1,okogijo01
372,Onyeka Okongwu,C,22,ATL,80,18,1849,6.2,9.7,0.638,0.1,0.3,0.308,6.1,9.4,0.647,3,3.8,0.781,4.2,7,11.2,1.6,1.1,2.1,1.6,4.9,15.4,okongon01
373,Isaac Okoro,SF,22,CLE,76,46,1652,3.8,7.7,0.494,1.4,3.7,0.363,2.5,4,0.617,1.7,2.2,0.757,1.1,2.9,4.1,1.9,1.2,0.7,0.9,3.4,10.7,okorois01
374,KZ Okpala,PF,23,SAC,35,3,248,2.3,5.5,0.421,1,3,0.333,1.3,2.5,0.529,1,1.2,0.875,1,3.9,4.9,1.9,1,1,1,5.7,6.7,okpalkz01
375,Victor Oladipo,SG,30,MIA,42,2,1106,5.2,13.1,0.397,2.3,6.9,0.33,2.9,6.2,0.471,1.9,2.6,0.747,0.5,3.6,4.2,4.8,1.9,0.4,2.8,3.2,14.6,oladivi01
376,Kelly Olynyk,C,31,UTA,68,68,1942,5.2,10.3,0.499,1.7,4.4,0.394,3.4,6,0.576,3.7,4.3,0.853,1.5,6.3,7.8,4.7,1.1,0.7,3.1,4.3,15.7,olynyke01
377,Eugene Omoruyi,SF,25,TOT,40,6,645,5.6,12.7,0.443,1.4,5,0.281,4.2,7.8,0.547,2.8,4.2,0.68,2.4,3.8,6.2,1.6,1.6,0.2,1.9,5.1,15.5,omorueu01
377,Eugene Omoruyi,SF,25,OKC,23,2,272,5.8,12.4,0.468,1.1,4.1,0.258,4.8,8.3,0.571,2.3,3.7,0.607,2.9,4,6.9,1.5,1.9,0,2.1,6.1,15,omorueu01
377,Eugene Omoruyi,SF,25,DET,17,4,373,5.5,12.9,0.425,1.6,5.6,0.293,3.9,7.3,0.526,3.3,4.5,0.723,2,3.7,5.7,1.6,1.4,0.3,1.7,4.3,15.9,omorueu01
378,Cedi Osman,SF,27,CLE,77,2,1548,5.6,12.3,0.451,2.7,7.3,0.372,2.9,5.1,0.564,1.7,2.5,0.694,0.6,3.5,4.1,2.7,0.8,0.3,1.2,2.8,15.6,osmande01
379,Kelly Oubre Jr.,SF,27,CHO,48,40,1548,8.2,19,0.431,2.5,7.9,0.319,5.7,11.2,0.51,3.7,4.8,0.76,1.5,4.3,5.8,1.3,1.6,0.4,1.5,3.3,22.6,oubreke01
380,Chris Paul,PG,37,PHO,59,59,1889,5.6,12.7,0.44,1.9,5,0.375,3.7,7.8,0.482,2.5,3,0.831,0.5,4.3,4.8,10,1.7,0.4,2.2,2.4,15.6,paulch01
381,Cameron Payne,PG,28,PHO,48,15,968,7,16.8,0.415,2.5,6.9,0.368,4.5,10,0.448,1.8,2.4,0.766,0.4,3.5,3.9,8,1.2,0.3,3,3.3,18.3,payneca01
382,Gary Payton II,SG,30,TOT,22,1,367,4,6.8,0.594,1.3,2.6,0.5,2.7,4.2,0.651,0.6,0.7,0.857,2.4,4.4,6.8,2.9,2.2,0.5,1.6,4.2,9.9,paytoga02
382,Gary Payton II,SG,30,POR,15,1,255,3.4,5.8,0.585,1.3,2.4,0.529,2.1,3.4,0.625,0.6,0.6,1,1.4,4.1,5.5,3.1,2.3,0.1,1.7,4.1,8.6,paytoga02
382,Gary Payton II,SG,30,GSW,7,0,112,5.5,9,0.607,1.3,2.9,0.444,4.2,6.1,0.684,0.6,1,0.667,4.5,5.1,9.6,2.6,1.9,1.3,1.3,4.5,12.9,paytoga02
383,Theo Pinson,SG,27,DAL,40,1,323,3.5,9.7,0.356,2.5,6.9,0.355,1,2.8,0.36,1.2,1.4,0.846,1.1,5.9,7,5.1,0.7,0.1,1.3,3.8,10.6,pinsoth01
384,Scotty Pippen Jr.,PG,22,LAL,6,0,32,4.5,13.5,0.333,1.1,3.4,0.333,3.4,10.1,0.333,5.6,10.1,0.556,2.3,2.3,4.5,2.3,2.3,1.1,2.3,3.4,15.8,pippesc02
385,Mason Plumlee,C,32,TOT,79,60,2054,5.8,8.5,0.68,0,0,,5.8,8.5,0.68,3.5,5.5,0.636,4,8.3,12.3,4.3,0.8,0.8,2.1,3.8,15,plumlma01
385,Mason Plumlee,C,32,CHO,56,56,1597,6,8.9,0.669,0,0,,6,8.9,0.669,3.5,5.8,0.605,4.2,8,12.2,4.6,0.8,0.8,2,3.6,15.4,plumlma01
385,Mason Plumlee,C,32,LAC,23,4,457,5,6.9,0.727,0,0,,5,6.9,0.727,3.5,4.5,0.772,3.3,9.2,12.5,3.2,0.9,0.9,2.4,4.4,13.5,plumlma01
386,Jakob Poeltl,C,27,TOT,72,71,1906,7.3,11.7,0.629,0,0,0,7.3,11.7,0.63,2.2,3.8,0.592,4.5,7.9,12.3,3.7,1.2,1.6,2.4,3.7,16.9,poeltja01
386,Jakob Poeltl,C,27,SAS,46,46,1199,7.2,11.6,0.616,0,0,0,7.2,11.6,0.618,2.3,3.9,0.605,4.6,7.9,12.5,4.2,1.1,1.6,2.9,3.5,16.7,poeltja01
386,Jakob Poeltl,C,27,TOR,26,25,707,7.6,11.7,0.652,0,0,,7.6,11.7,0.652,2.1,3.7,0.569,4.3,7.8,12.1,2.9,1.5,1.7,1.5,3.9,17.4,poeltja01
387,Aleksej Pokusevski,PF,21,OKC,34,25,701,5.5,12.8,0.434,2,5.3,0.365,3.6,7.4,0.483,1.1,1.8,0.629,2.3,5.9,8.2,3.3,1,2.2,2.2,3,14.2,pokusal01
388,Jordan Poole,PG,23,GSW,82,43,2458,8.1,18.7,0.43,3.1,9.3,0.336,4.9,9.4,0.524,5.3,6.1,0.87,0.5,2.8,3.3,5.4,0.9,0.3,3.7,3.1,24.5,poolejo01
389,Kevin Porter Jr.,PG,22,HOU,59,59,2024,7,15.7,0.442,2.5,6.8,0.366,4.4,8.9,0.501,3.7,4.7,0.784,1.4,4.2,5.6,6,1.5,0.3,3.3,2.8,20.1,porteke02
390,Michael Porter Jr.,SF,24,DEN,62,62,1798,8,16.4,0.487,3.8,9.1,0.414,4.2,7.3,0.579,1.9,2.4,0.8,1.3,5.5,6.8,1.3,0.7,0.6,1.4,2.4,21.6,portemi01
391,Otto Porter Jr.,SF,29,TOR,8,2,146,3.7,7.4,0.5,1.5,4.2,0.353,2.2,3.2,0.692,2,2,1,1.5,3.2,4.7,2,2.7,0,1,1.7,10.8,porteot01
392,Bobby Portis,PF,27,MIL,70,22,1818,7.9,15.9,0.496,1.9,5.1,0.37,6,10.8,0.555,1.9,2.5,0.768,3,10.3,13.3,2.1,0.6,0.3,1.6,2.3,19.5,portibo01
393,Kristaps Porzi??is,C,27,WAS,65,65,2120,8.6,17.3,0.498,2.3,6,0.385,6.3,11.2,0.559,6,7.1,0.851,1.9,7.3,9.3,3,1,1.7,2.3,3.3,25.6,porzikr01
394,Micah Potter,PF,24,UTA,7,0,52,6.9,10.4,0.667,2.8,4.8,0.571,4.2,5.5,0.75,0,0,0,2.1,9,11.1,2.8,0.7,0,1.4,3.5,16.6,pottemi01
395,Dwight Powell,C,31,DAL,76,64,1458,4.9,6.6,0.732,0,0.1,0,4.9,6.5,0.746,2.8,4.1,0.667,3.7,4.1,7.8,1.7,1.2,0.6,1.6,5.2,12.5,poweldw01
396,Norman Powell,SG,29,LAC,60,8,1567,7.8,16.3,0.479,2.6,6.6,0.397,5.2,9.7,0.534,5.2,6.4,0.812,0.6,3.5,4,2.5,1.1,0.4,2.3,2.9,23.4,powelno01
397,Jason Preston,PG,23,LAC,14,0,124,5.2,11.9,0.439,1.5,5.2,0.278,3.8,6.7,0.565,0,0.6,0,0.6,5.8,6.4,7.8,0.6,0,2.9,2,11.9,prestja01
398,Joshua Primo,SG,20,SAS,4,0,93,3.5,10.1,0.346,1.2,4.6,0.25,2.3,5.4,0.429,2.7,3.5,0.778,0.8,4.3,5,7,0.4,0.8,4.3,3.1,10.8,primojo01
399,Taurean Prince,PF,28,MIN,54,4,1192,5.3,11.4,0.467,2.2,5.9,0.381,3.1,5.6,0.557,2,2.3,0.844,0.5,3.5,4,2.5,0.8,0.5,2.1,3.7,14.9,princta02
400,Payton Pritchard,PG,25,BOS,48,3,643,5.7,13.7,0.412,3.1,8.6,0.364,2.5,5.1,0.495,0.7,0.9,0.75,1.4,3.5,4.9,3.6,0.8,0.1,2.2,2.1,15.1,pritcpa01
401,Trevelin Queen,SG,25,IND,7,0,70,3.6,14.9,0.241,1,7.7,0.133,2.6,7.2,0.357,2.6,2.6,1,4.1,4.6,8.7,3.1,1,2.6,3.6,2.1,10.8,queentr01
402,Neemias Queta,C,23,SAC,5,0,29,7.4,11.2,0.667,0,0,,7.4,11.2,0.667,0,2.5,0,6.2,7.4,13.7,1.2,0,2.5,1.2,8.7,14.9,quetane01
403,Immanuel Quickley,SG,23,NYK,81,21,2344,6.4,14.4,0.448,2.6,7,0.37,3.9,7.4,0.521,3.1,3.8,0.819,0.9,4.3,5.2,4.3,1.2,0.2,1.5,2.5,18.6,quickim01
404,Lester Quinones,SG,22,GSW,4,0,18,4,10,0.4,4,8,0.5,0,2,0,8,12,0.667,2,4,6,4,2,0,10,0,20,quinole01
405,Julius Randle,PF,28,NYK,77,77,2737,8.7,18.8,0.459,2.9,8.4,0.343,5.8,10.5,0.553,5.3,7,0.757,1.9,8.2,10.1,4.2,0.6,0.3,2.8,3.1,25.5,randlju01
406,Austin Reaves,SG,24,LAL,64,22,1843,5.1,9.6,0.529,1.7,4.2,0.398,3.4,5.4,0.631,4.5,5.2,0.864,0.6,3.1,3.8,4.2,0.6,0.4,1.9,2.1,16.3,reaveau01
407,Cam Reddish,SF,23,TOT,40,20,990,5.1,11.3,0.446,1.6,5.2,0.313,3.4,6.1,0.56,2.3,2.7,0.853,0.7,2.5,3.2,2.1,1.4,0.5,1.7,2.6,14.1,reddica01
407,Cam Reddish,SF,23,NYK,20,8,438,5,11.2,0.449,1.4,4.6,0.304,3.6,6.6,0.55,2.4,2.7,0.879,0.6,2,2.5,1.6,1.2,0.7,1.2,2.6,13.8,reddica01
407,Cam Reddish,SF,23,POR,20,12,552,5.1,11.5,0.443,1.8,5.7,0.318,3.3,5.7,0.568,2.3,2.7,0.833,0.7,3,3.7,2.4,1.6,0.4,2.1,2.6,14.3,reddica01
408,Davon Reed,SG,27,TOT,43,1,342,2.9,8.8,0.333,1.8,4.8,0.37,1.2,4,0.289,1.7,2.5,0.667,1.1,5.2,6.2,2.4,1.6,0.4,2.1,4.1,9.4,reedda01
408,Davon Reed,SG,27,DEN,35,1,315,2.9,9.1,0.313,1.8,5,0.364,1,4.1,0.25,1.7,2.3,0.75,1,5.3,6.3,2.2,1.5,0.5,2.3,4.1,9.3,reedda01
408,Davon Reed,SG,27,LAL,8,0,27,4,5.3,0.75,1.3,2.7,0.5,2.7,2.7,1,1.3,5.3,0.25,1.3,4,5.3,5.3,2.7,0,0,4,10.7,reedda01
409,Paul Reed,C,23,PHI,69,2,755,5.9,10,0.593,0,0.3,0.167,5.9,9.7,0.606,1.8,2.4,0.745,5.3,7.2,12.5,1.3,2.2,2.4,2.1,5.9,13.7,reedpa01
410,Naz Reid,C,23,MIN,68,11,1251,8.9,16.6,0.537,2.2,6.2,0.346,6.8,10.4,0.653,2.5,3.7,0.677,2.1,7.5,9.6,2.2,1.2,1.5,2.6,5.1,22.5,reidna01
411,Jared Rhoden,SG,23,DET,14,0,198,3.1,8,0.386,0.9,3.6,0.25,2.2,4.4,0.5,1.1,1.1,1,2,4.7,6.7,0.7,0.7,0.2,0.5,4.2,8.2,rhodeja01
412,Nick Richards,C,25,CHO,65,9,1217,5.8,9.3,0.629,0,0,1,5.8,9.2,0.628,4.1,5.4,0.749,4.3,8,12.3,1.1,0.3,2.1,1.7,4.6,15.7,richani01
413,Josh Richardson,SG,29,TOT,65,10,1530,5.6,13,0.431,2.5,6.9,0.365,3.1,6.1,0.506,1.6,1.9,0.852,1,3.2,4.1,4.1,1.6,0.5,2,2.8,15.4,richajo01
413,Josh Richardson,SG,29,SAS,42,6,997,6.4,14.7,0.436,2.7,7.5,0.357,3.7,7.2,0.518,1.9,2.2,0.883,1.1,3.2,4.3,4.9,1.4,0.4,2.3,2.5,17.4,richajo01
413,Josh Richardson,SG,29,NOP,23,4,533,4.2,10,0.419,2.2,5.8,0.384,2,4.2,0.468,1.1,1.4,0.762,0.7,3,3.8,2.5,2,0.6,1.6,3.2,11.7,richajo01
414,Austin Rivers,SG,30,MIN,52,10,1016,3.2,7.4,0.435,1.5,4.4,0.35,1.7,3,0.558,1.1,1.4,0.769,0.2,2.8,2.9,2.7,1,0.1,0.8,2.8,9,riverau01
415,Duncan Robinson,SF,28,MIA,42,1,691,4.6,12.3,0.371,3.3,10,0.328,1.3,2.3,0.556,1.5,1.7,0.906,0.4,3.2,3.6,2.4,0.7,0,1.5,4,14,robindu01
416,Mitchell Robinson,C,24,NYK,59,58,1591,4.3,6.3,0.671,0,0,,4.3,6.3,0.671,1.3,2.8,0.484,6,6.5,12.6,1.2,1.3,2.5,0.9,3.6,9.8,robinmi01
417,Orlando Robinson,C,22,MIA,31,1,425,4,7.5,0.528,0,0.5,0,4,7,0.566,1.9,2.6,0.71,4.1,6.6,10.7,2.1,1,1,1.4,4.5,9.8,robinor01
418,Jeremiah Robinson-Earl,PF,22,OKC,43,20,814,4.9,11,0.444,1.6,4.9,0.333,3.2,6.1,0.533,1.5,1.9,0.833,3.1,4.8,8,1.9,1.1,0.5,0.8,3.1,12.9,robinje02
419,Isaiah Roby,PF,24,SAS,42,2,474,5.1,11.8,0.432,1.4,4.6,0.3,3.7,7.2,0.516,1.5,3.1,0.488,1.6,6.5,8.1,2.9,1.4,0.5,2.4,4,13.1,robyis01
420,David Roddy,PF,21,MEM,70,4,1258,5.2,12,0.429,1.9,6.1,0.307,3.3,6,0.553,1.2,1.9,0.631,1.4,4.1,5.5,1.7,0.8,0.5,1.6,3.1,13.3,roddyda01
421,Ryan Rollins,PG,20,GSW,12,0,62,4.1,11.6,0.35,1.7,5.2,0.333,2.3,6.4,0.364,3.5,3.5,1,1.7,5.2,7,3.5,0.6,0.6,9.3,5.8,13.4,rolliry01
422,Derrick Rose,PG,34,NYK,27,0,338,6.5,16.9,0.384,2,6.7,0.302,4.5,10.2,0.438,1.2,1.3,0.917,0.9,3.4,4.3,4.9,0.7,0.5,2.3,1.9,16.2,rosede01
423,Terrence Ross,SG,31,TOT,63,9,1330,5.4,12.6,0.43,2.6,7,0.368,2.8,5.6,0.507,0.7,0.9,0.794,0.6,3.6,4.2,2.6,0.9,0.3,1.2,2.6,14.1,rosste01
423,Terrence Ross,SG,31,ORL,42,9,944,4.9,11.4,0.431,2.3,6.1,0.381,2.6,5.3,0.489,0.6,0.8,0.75,0.4,2.9,3.2,2.1,1,0.3,1.4,2,12.7,rosste01
423,Terrence Ross,SG,31,PHO,21,0,386,6.6,15.5,0.428,3.2,9.1,0.347,3.5,6.3,0.544,1.1,1.3,0.857,1.1,5.3,6.4,3.8,0.9,0.2,0.6,4.1,17.5,rosste01
424,Terry Rozier,SG,28,CHO,63,63,2221,8,19.3,0.415,2.7,8.2,0.327,5.3,11.1,0.48,2.9,3.6,0.809,0.8,3.4,4.2,5.2,1.2,0.3,2.2,1.9,21.5,roziete01
425,Ricky Rubio,PG,32,CLE,33,2,566,3.9,11.3,0.343,1.3,5.2,0.256,2.5,6.1,0.417,1.8,2.2,0.8,0.6,3.9,4.5,7.3,1.7,0.4,2,3.2,10.9,rubiori01
426,D'Angelo Russell,PG,26,TOT,71,71,2304,7,14.8,0.469,3,7.7,0.396,3.9,7.2,0.548,2.8,3.4,0.829,0.5,2.8,3.4,6.8,1.1,0.5,2.9,2.2,19.7,russeda01
426,D'Angelo Russell,PG,26,MIN,54,54,1778,6.8,14.7,0.465,3,7.7,0.391,3.8,7,0.546,2.9,3.4,0.856,0.6,2.8,3.3,6.8,1.2,0.4,3,2.4,19.6,russeda01
426,D'Angelo Russell,PG,26,LAL,17,17,526,7.3,15.1,0.484,3.1,7.6,0.414,4.2,7.5,0.555,2.5,3.4,0.735,0.5,2.9,3.4,7,0.7,0.5,2.7,1.6,20.3,russeda01
427,Matt Ryan,SF,25,TOT,34,0,310,4.6,12.5,0.37,3.7,9.8,0.381,0.9,2.8,0.333,1.2,1.4,0.833,0.5,2.6,3,1.9,0.6,0.1,0.8,3.1,14.2,ryanma01
427,Matt Ryan,SF,25,LAL,12,0,129,4.2,13.7,0.306,3.6,9.8,0.371,0.6,3.9,0.143,1.1,1.4,0.8,0.6,3.3,3.9,1.1,0.6,0,0.8,3.9,13.1,ryanma01
427,Matt Ryan,SF,25,MIN,22,0,181,5,11.7,0.424,3.8,9.7,0.388,1.2,2,0.6,1.2,1.4,0.857,0.4,2,2.4,2.4,0.6,0.2,0.8,2.6,14.9,ryanma01
428,Domantas Sabonis,C,26,SAC,79,79,2736,7.6,12.3,0.615,0.4,1.1,0.373,7.2,11.3,0.639,4.3,5.8,0.742,3.3,9.5,12.8,7.5,0.9,0.5,3,3.7,19.9,sabondo01
429,Luka amani?,PF,23,UTA,7,4,161,5.8,12.7,0.456,1.8,6.9,0.258,4,5.8,0.692,2,2.9,0.692,0,6.7,6.7,3.4,1.3,0.4,2.2,3.8,15.4,samanlu01
430,Dario ari?,PF-C,28,TOT,57,12,806,5.7,12.4,0.458,2,5.1,0.391,3.7,7.2,0.506,2.8,3.4,0.829,2.4,6.9,9.2,3.3,0.9,0.3,2.5,4.4,16.2,saricda01
430,Dario ari?,PF,28,PHO,37,12,533,5.1,12,0.427,1.8,4.7,0.391,3.3,7.4,0.45,2.4,3,0.818,2.6,7,9.6,3.8,0.9,0.3,2.4,4.7,14.5,saricda01
430,Dario ari?,C,28,OKC,20,0,273,6.7,13.1,0.515,2.4,6.1,0.391,4.4,7,0.623,3.6,4.2,0.844,1.8,6.7,8.6,2.2,0.9,0.3,2.5,4,19.4,saricda01
431,Olivier Sarr,C,23,OKC,9,1,114,4.7,9.5,0.5,0.3,2.5,0.125,4.4,6.9,0.636,1.6,2.2,0.714,3.8,6,9.8,1.3,0.3,1.6,1.3,5.4,11.4,sarrol01
432,Jordan Schakel,SF,24,WAS,2,0,6,6,12,0.5,6,6,1,0,6,0,0,0,,0,0,0,6,6,0,0,6,18,schakjo01
433,Admiral Schofield,PF,25,ORL,37,0,451,4.4,9.7,0.451,1.9,5.9,0.324,2.5,3.8,0.646,1.7,1.8,0.913,1.8,3.1,4.9,2.5,0.6,0.4,1.3,4.9,12.4,schofad01
434,Dennis Schröder,PG,29,LAL,66,50,1986,4.9,11.8,0.415,1.3,4.1,0.329,3.6,7.7,0.461,3.9,4.6,0.857,0.4,2.6,3,5.4,0.9,0.2,2,2.6,15,schrode01
435,Jay Scrubb,SG,22,ORL,2,0,30,6,8.4,0.714,2.4,2.4,1,3.6,6,0.6,1.2,2.4,0.5,0,7.2,7.2,1.2,2.4,0,3.6,2.4,15.6,scrubja01
436,Dereon Seabron,SG,22,NOP,5,0,12,6,15,0.4,0,0,,6,15,0.4,0,0,,3,0,3,0,0,0,0,3,12,seabrde01
437,Alperen ?engün,C,20,HOU,75,72,2171,7.3,13.2,0.553,0.3,0.9,0.333,7,12.3,0.57,3.4,4.8,0.715,4,7.2,11.2,4.8,1.2,1.2,3.2,4.3,18.4,sengual01
438,Collin Sexton,PG,24,UTA,48,15,1145,7.5,14.7,0.506,1.5,3.8,0.393,5.9,10.9,0.546,5.1,6.3,0.819,1.2,2.1,3.3,4.3,0.8,0.2,2.7,3.5,21.5,sextoco01
439,Landry Shamet,SG,25,PHO,40,9,807,5,13.4,0.377,3.3,8.9,0.377,1.7,4.5,0.376,2,2.3,0.882,0.5,2.5,3,4.1,1.2,0.2,1.6,2.7,15.4,shamela01
440,Day'Ron Sharpe,C,21,BRK,48,3,552,6.1,11.2,0.544,0.4,0.7,0.545,5.7,10.4,0.544,2.3,3.6,0.636,6.5,6.6,13,2.4,1,2.1,2.7,5.8,14.8,sharpda01
441,Shaedon Sharpe,SG,19,POR,80,15,1779,6.2,13.1,0.472,2.1,5.7,0.36,4.1,7.4,0.559,1.5,2.1,0.714,1.3,3.5,4.8,1.9,0.8,0.5,1.7,2.8,16,sharpsh01
442,Pascal Siakam,PF,28,TOR,71,71,2652,8.6,17.8,0.48,1.3,3.9,0.324,7.3,13.9,0.523,5,6.4,0.774,1.8,5.8,7.5,5.6,0.9,0.5,2.3,3.1,23.3,siakapa01
443,Chris Silva,PF,26,DAL,1,0,3,12,12,1,0,0,,12,12,1,0,0,,0,0,0,0,0,0,12,24,24,silvach01
444,Ben Simmons,PG,26,BRK,42,33,1105,4.3,7.7,0.566,0,0.1,0,4.3,7.6,0.571,0.8,1.9,0.439,1.3,7.3,8.6,8.3,1.8,0.8,3.2,4.5,9.5,simmobe01
445,Kobi Simmons,SG,25,CHO,5,0,28,1.3,7.7,0.167,1.3,6.4,0.2,0,1.3,0,2.6,2.6,1,1.3,3.9,5.1,6.4,0,2.6,1.3,0,6.4,simmoko01
446,Marko Simonovic,C,23,CHI,7,0,20,3.6,12.6,0.286,1.8,7.2,0.25,1.8,5.4,0.333,1.8,3.6,0.5,1.8,1.8,3.6,0,0,0,0,9,10.8,simonma01
447,Anfernee Simons,SG,23,POR,62,62,2171,7.7,17.3,0.447,3.5,9.3,0.377,4.2,8,0.528,2.7,3,0.894,0.3,2.4,2.7,4.2,0.7,0.2,2.1,2.4,21.7,simonan01
448,Jericho Sims,C,24,NYK,52,16,812,3.7,4.7,0.776,0,0,0,3.7,4.7,0.783,0.5,0.7,0.75,4.4,6.3,10.7,1.1,0.7,1.2,1.2,4.3,7.9,simsje01
449,Marcus Smart,PG,28,BOS,61,61,1957,4.6,11.1,0.415,2.1,6.3,0.336,2.5,4.8,0.519,1.6,2.2,0.746,0.8,2.7,3.5,7,1.7,0.4,2.6,3.2,12.9,smartma01
450,Dennis Smith Jr.,PG,25,CHO,54,15,1390,4.8,11.7,0.412,0.6,2.9,0.216,4.2,8.8,0.475,2,2.7,0.736,0.7,3.6,4.3,6.8,1.9,0.6,2.1,3.2,12.3,smithde03
451,Dru Smith,SG,25,TOT,15,1,158,4.1,10.3,0.4,1.1,4.3,0.263,3,5.9,0.5,0.7,0.7,1,0.5,5,5.5,5,2.3,0.9,0.7,5.2,10,smithdr01
451,Dru Smith,SG,25,MIA,5,1,67,2.7,7.5,0.357,0.5,3.2,0.167,2.1,4.3,0.5,0,0,0,0.5,4.3,4.8,2.7,2.1,1.6,0.5,5.4,5.9,smithdr01
451,Dru Smith,SG,25,BRK,10,0,91,5.1,12.3,0.419,1.6,5.1,0.308,3.6,7.1,0.5,1.2,1.2,1,0.4,5.5,5.9,6.7,2.4,0.4,0.8,5.1,13.1,smithdr01
452,Ish Smith,PG,34,DEN,43,0,398,4.7,11.8,0.397,0.2,1.1,0.167,4.5,10.8,0.42,0.2,0.4,0.5,0.5,4.4,4.9,9,0.7,0.6,4,3,9.8,smithis01
453,Jabari Smith Jr.,PF,19,HOU,79,79,2451,5.3,13.1,0.408,1.8,5.7,0.307,3.6,7.4,0.487,2.4,3,0.786,1.8,6.6,8.4,1.5,0.6,1.1,1.5,3.3,14.8,smithja05
454,Jalen Smith,C,22,IND,68,31,1279,6.8,14.3,0.476,1.5,5.4,0.283,5.3,8.9,0.593,2.9,3.9,0.759,3.6,7.5,11.1,1.9,0.6,1.7,2,4.3,18.1,smithja04
455,Xavier Sneed,SF,25,CHO,4,0,48,3.7,7.5,0.5,2.3,4.5,0.5,1.5,3,0.5,3,3,1,0,3.7,3.7,3.7,0,0.7,2.3,5.2,12.7,sneedxa01
456,Jeremy Sochan,PF,19,SAS,56,53,1458,6.2,13.6,0.453,0.8,3.3,0.246,5.4,10.3,0.519,2,2.9,0.698,2.3,4.9,7.3,3.5,1.1,0.6,2.4,3.4,15.2,sochaje01
457,Jaden Springer,SG,20,PHI,16,2,89,6.9,14.2,0.486,0.8,2,0.4,6.1,12.1,0.5,2.4,3.2,0.75,2.4,3.2,5.7,3.2,2.8,1.2,1.2,6.1,17,sprinja01
458,Lamar Stevens,SF,25,CLE,62,25,1120,4.1,9.3,0.448,1,3.1,0.316,3.2,6.2,0.513,1.3,1.8,0.702,1.5,5.1,6.7,1.1,0.9,0.6,0.9,2.5,10.5,stevela01
459,Isaiah Stewart,C,21,DET,50,47,1414,5,11.2,0.442,1.7,5.2,0.327,3.3,6,0.542,2.8,3.8,0.738,2.9,7.3,10.3,1.8,0.5,0.9,1.7,3.4,14.4,stewais01
460,Max Strus,SF,26,MIA,80,33,2272,5.1,12.5,0.41,3.1,8.9,0.35,2,3.6,0.559,1.2,1.4,0.876,0.8,3.3,4.1,2.7,0.7,0.2,1.1,2.6,14.6,strusma01
461,Jalen Suggs,SG,21,ORL,53,19,1246,5.4,12.8,0.419,1.9,5.8,0.327,3.5,7,0.496,2.5,3.4,0.723,1.6,3.1,4.7,4.5,1.9,0.8,2.7,3.5,15.1,suggsja01
462,Edmond Sumner,SG,27,BRK,53,12,736,6.1,13.2,0.461,1.5,4.3,0.356,4.5,8.9,0.511,4.8,5.3,0.917,0.6,3.2,3.9,3.3,1.5,0.5,2.4,4.1,18.5,sumneed01
463,Cole Swider,SF,23,LAL,7,0,41,2.6,7.9,0.333,2.6,7,0.375,0,0.9,0,0,0,0,0.9,5.3,6.1,3.5,0,0,0,2.6,7.9,swideco01
464,Jae'Sean Tate,SF,27,HOU,31,7,677,5.8,12.2,0.48,0.7,2.4,0.283,5.2,9.7,0.53,2.7,3.7,0.725,2.2,4.1,6.3,4.5,1.1,0.4,2.5,5.6,15,tateja01
465,Jayson Tatum,SF,24,BOS,74,74,2732,9.6,20.5,0.466,3.2,9,0.35,6.4,11.5,0.558,7,8.2,0.854,1,7.5,8.6,4.5,1,0.7,2.8,2.1,29.3,tatumja01
466,Terry Taylor,PF,23,TOT,31,2,264,5.3,10.2,0.52,0.7,2.6,0.263,4.6,7.6,0.607,0.8,1.5,0.545,3.7,2.7,6.4,1.4,0.4,0.8,1.2,3.5,12.1,taylote01
466,Terry Taylor,PF,23,IND,26,2,228,4.7,10.3,0.462,0.6,2.8,0.222,4.1,7.4,0.553,0.8,1.1,0.714,3.5,2.7,6.2,1.6,0.5,0.8,1.4,3.8,10.9,taylote01
466,Terry Taylor,PF,23,CHI,5,0,36,9,10,0.9,1,1,1,8,9,0.889,1,4,0.25,5,3,8,0,0,1,0,2,20,taylote01
467,Garrett Temple,SG,36,NOP,25,0,162,4,10,0.4,2.4,5.8,0.423,1.6,4.2,0.368,0.7,0.9,0.75,1.1,2.7,3.8,2.9,2,0.4,0.9,3.3,11.1,templga01
468,Dalen Terry,SG,20,CHI,38,0,214,5.4,12.1,0.444,1.2,4.5,0.259,4.2,7.6,0.556,2.4,3.5,0.667,2,4.2,6.2,3.7,1.9,0.8,1.3,4,14.3,terryda01
469,Daniel Theis,C,30,IND,7,1,109,6.9,14.5,0.477,0.7,3.6,0.182,6.3,10.9,0.576,1.7,4,0.417,2.3,5,7.3,3,0.7,2,1,2.3,16.2,theisda01
470,Cam Thomas,SG,21,BRK,57,4,948,7.6,17.3,0.441,1.9,5.1,0.383,5.7,12.3,0.464,5.7,6.6,0.868,0.3,3.3,3.6,3,0.8,0.3,2.4,2.1,22.9,thomaca02
471,Klay Thompson,SF,32,GSW,69,69,2279,8.6,19.8,0.436,4.8,11.5,0.412,3.9,8.2,0.47,1.8,2.1,0.879,0.6,3.9,4.5,2.6,0.8,0.5,1.9,2.1,23.8,thompkl01
472,JT Thor,PF,20,CHO,69,8,969,3.5,8.8,0.399,1.4,4.6,0.317,2.1,4.3,0.487,1.2,1.7,0.702,1.3,4.3,5.6,1.3,0.8,0.9,1.6,2.5,9.7,thorjt01
473,Matisse Thybulle,SF-SG,25,TOT,71,28,1200,3.3,7.6,0.435,1.6,4.4,0.365,1.7,3.2,0.533,0.6,0.8,0.679,1.2,3,4.2,1.6,2.5,1,0.7,3.4,8.8,thybuma01
473,Matisse Thybulle,SF,25,PHI,49,6,591,3,7.1,0.431,1.3,3.8,0.333,1.8,3.2,0.547,0.5,0.7,0.75,1.2,2.6,3.8,1.4,2.7,0.9,0.5,4,7.9,thybuma01
473,Matisse Thybulle,SG,25,POR,22,22,609,3.5,8.1,0.438,2,5,0.388,1.6,3.1,0.519,0.6,0.9,0.625,1.2,3.4,4.6,1.8,2.2,1.1,0.9,2.8,9.6,thybuma01
474,Xavier Tillman Sr.,C,24,MEM,61,29,1180,5.7,9.3,0.614,0.1,0.5,0.267,5.6,8.9,0.632,1.5,2.7,0.551,3.7,5.7,9.4,2.9,1.8,0.9,1.3,3,13.1,tillmxa01
475,Isaiah Todd,PF,21,WAS,6,1,61,1.8,11.2,0.158,0.6,5.9,0.1,1.2,5.3,0.222,1.2,1.2,1,1.2,5.9,7.1,2.4,0.6,0,1.2,2.4,5.3,toddis01
476,Obi Toppin,PF,24,NYK,67,5,1050,6.4,14.4,0.446,2.9,8.5,0.344,3.5,5.9,0.593,1.3,1.6,0.809,1,5.4,6.4,2.3,0.8,0.4,1.3,2.3,17,toppiob01
477,Juan Toscano-Anderson,SF,29,TOT,52,9,700,3.3,7.4,0.448,0.4,2.2,0.186,2.9,5.1,0.56,1,1.2,0.792,1.4,4.9,6.4,3.3,0.8,0.5,1.7,4.1,8,toscaju01
477,Juan Toscano-Anderson,SF,29,LAL,30,7,365,3.3,6.5,0.5,0.4,2,0.2,2.9,4.5,0.63,1.1,1.5,0.733,1.4,4.6,6,2.5,1,0.7,1.7,4.5,8,toscaju01
477,Juan Toscano-Anderson,SF,29,UTA,22,2,335,3.3,8.3,0.403,0.4,2.5,0.174,2.9,5.8,0.5,0.9,1,0.889,1.5,5.3,6.8,4.3,0.6,0.3,1.8,3.7,8,toscaju01
478,Karl-Anthony Towns,PF,27,MIN,29,29,957,8,16.1,0.495,2.3,6.2,0.366,5.7,9.9,0.576,4.4,5.1,0.874,1.8,7.1,8.9,5.3,0.8,0.6,3.2,4.2,22.6,townska01
479,Gary Trent Jr.,SG,24,TOR,66,44,2118,6.9,15.9,0.433,2.8,7.6,0.369,4.1,8.2,0.493,2.9,3.5,0.839,0.5,2.4,2.9,1.8,1.8,0.2,0.9,1.7,19.5,trentga02
480,P.J. Tucker,PF,37,PHI,75,75,1920,1.8,4.2,0.427,1,2.6,0.393,0.8,1.6,0.482,0.4,0.4,0.826,1.8,3.7,5.5,1.1,0.7,0.3,0.8,3.4,5,tuckepj01
481,Myles Turner,C,26,IND,62,62,1825,7.9,14.5,0.548,1.8,4.9,0.373,6.1,9.5,0.638,4.3,5.4,0.783,1.7,7.5,9.2,1.8,0.7,2.8,2,4.2,22,turnemy01
482,Stanley Umude,SG,23,DET,1,0,2,0,18,0,0,18,0,0,0,,36,36,1,0,0,0,0,18,18,0,0,36,umudest01
483,Jonas Valan?i?nas,C,30,NOP,79,79,1968,8.2,14.9,0.547,0.7,2,0.349,7.5,12.9,0.577,3.4,4.1,0.826,4.1,10.6,14.7,2.6,0.4,1,2.9,4.5,20.4,valanjo01
484,Jarred Vanderbilt,PF,23,TOT,78,65,1879,4.7,8.6,0.548,0.6,1.7,0.322,4.2,6.9,0.604,1.8,2.7,0.691,3.3,7.9,11.2,3.5,1.6,0.4,1.9,3.6,11.9,vandeja01
484,Jarred Vanderbilt,PF,23,UTA,52,41,1254,5,8.9,0.556,0.5,1.6,0.333,4.4,7.3,0.606,1.9,2.9,0.657,3.5,8.3,11.7,4.1,1.5,0.4,2,3.8,12.4,vandeja01
484,Jarred Vanderbilt,PF,23,LAL,26,24,625,4.3,8.1,0.529,0.6,1.9,0.303,3.7,6.2,0.598,1.7,2.1,0.784,2.8,7.1,10,2.4,1.7,0.3,1.7,3.3,10.8,vandeja01
485,Fred VanVleet,PG,28,TOR,69,69,2535,6.2,15.8,0.393,2.9,8.6,0.342,3.3,7.2,0.455,3.6,4,0.898,0.4,3.6,4,7,1.7,0.5,2,2.7,19,vanvlfr01
486,Devin Vassell,SG,22,SAS,38,32,1178,8,18.2,0.439,3.1,8.1,0.387,4.8,10.1,0.48,2.4,3.1,0.78,0.2,4.3,4.5,4.2,1.3,0.5,1.7,1.7,21.5,vassede01
487,Gabe Vincent,PG,26,MIA,68,34,1759,4.7,11.6,0.402,2.4,7.2,0.334,2.3,4.4,0.512,1.4,1.6,0.872,0.6,2.4,3,3.4,1.3,0.1,1.9,3.2,13.1,vincega01
488,Noah Vonleh,C,27,BOS,23,1,171,2.3,5.1,0.458,0.2,0.8,0.25,2.1,4.2,0.5,0.4,0.4,1,3.8,6.3,10.1,1.5,0.4,1.7,2.3,7.4,5.3,vonleno01
489,Nikola Vu?evi?,C,32,CHI,82,82,2746,7.8,15.1,0.52,1.6,4.5,0.349,6.2,10.5,0.594,1.7,2.1,0.835,2.1,9.8,11.8,3.5,0.8,0.7,1.8,2.3,19,vucevni01
490,Dean Wade,PF,26,CLE,44,13,891,2.9,7.2,0.412,1.8,5.1,0.354,1.1,2,0.56,0.6,0.9,0.652,0.8,5.3,6.1,1.5,1.1,0.8,0.7,3.6,8.3,wadede01
491,Franz Wagner,SF,21,ORL,80,80,2609,7.5,15.4,0.485,1.8,5,0.361,5.7,10.5,0.544,3.7,4.4,0.842,1,3.6,4.5,3.9,1.1,0.2,2.3,2.5,20.5,wagnefr01
492,Moritz Wagner,C,25,ORL,57,18,1109,6.4,12.9,0.5,1.7,5.3,0.313,4.8,7.6,0.631,5,5.9,0.841,2.2,6.2,8.4,2.7,1.2,0.4,2.2,4.4,19.5,wagnemo01
493,Ish Wainright,SF,28,PHO,60,2,915,3.3,8.9,0.37,2.2,6.8,0.329,1.1,2.1,0.5,1,1.2,0.839,1.8,3.7,5.5,2.1,1.5,0.9,0.9,4.6,9.9,wainris01
494,Jabari Walker,SF,20,POR,56,0,619,4.8,11.5,0.419,0.9,3.3,0.286,3.9,8.3,0.472,2,2.6,0.756,2.8,4.8,7.6,2,0.6,0.8,1.7,4,12.6,walkeja01
495,Kemba Walker,PG,32,DAL,9,1,144,6,14.2,0.421,1.7,7,0.25,4.2,7.2,0.586,4.2,5.2,0.81,0.7,3.2,4,4.7,0.5,0.5,1,2.7,18,walkeke02
496,Lonnie Walker IV,SG,24,LAL,56,32,1297,6.6,14.6,0.448,2.5,6.9,0.365,4,7.7,0.522,2.5,2.9,0.858,0.4,2.6,3,1.8,0.8,0.5,1.3,2,18.2,walkelo01
497,John Wall,PG,32,LAC,34,3,755,6.6,16.1,0.408,1.6,5.2,0.303,5,10.9,0.459,3.7,5.4,0.681,0.7,3.7,4.4,8.5,1.3,0.6,3.8,2.8,18.4,walljo01
498,T.J. Warren,PF-SF,29,TOT,42,0,687,6.9,14.1,0.489,1.2,3.5,0.328,5.8,10.6,0.542,1.5,1.8,0.8,1.4,5,6.3,2.1,1.2,0.6,1,3.4,16.5,warretj01
498,T.J. Warren,PF,29,BRK,26,0,490,7.5,14.7,0.51,1.2,3.5,0.333,6.3,11.2,0.566,2,2.4,0.818,1,4.3,5.3,2.1,1.1,0.5,1.2,3.3,18.1,warretj01
498,T.J. Warren,SF,29,PHO,16,0,197,5.5,12.8,0.429,1.1,3.5,0.316,4.4,9.3,0.471,0.2,0.4,0.5,2.4,6.6,9,2,1.3,0.9,0.5,3.7,12.2,warretj01
499,Duane Washington Jr.,SG,22,PHO,31,3,394,8.6,23.4,0.367,3.7,10.1,0.36,4.9,13.2,0.372,1.5,2.2,0.667,0.2,3.1,3.3,5.8,0.5,0.4,3.1,2.1,22.3,washidu02
500,P.J. Washington,PF,24,CHO,73,73,2380,6.6,14.8,0.444,2.3,6.5,0.348,4.3,8.3,0.518,1.9,2.6,0.73,1.1,4.3,5.4,2.6,1,1.2,1.7,2.9,17.3,washipj01
501,TyTy Washington Jr.,PG,21,HOU,31,2,433,4.8,13.3,0.363,1.6,6.7,0.238,3.2,6.7,0.488,0.8,1.5,0.556,0.2,3.6,3.7,3.9,1.2,0.2,1.2,2.4,12.1,washity02
502,Yuta Watanabe,SF,28,BRK,58,1,928,4.4,9,0.491,2.3,5.2,0.444,2.1,3.8,0.557,1.3,1.8,0.723,1.2,4.3,5.5,1.9,1,0.7,0.9,3.1,12.5,watanyu01
503,Lindy Waters III,SG,25,OKC,41,0,531,4.7,12.1,0.393,3.9,11,0.358,0.8,1.1,0.75,1.1,1.4,0.8,1.1,4,5.1,1.9,0.9,0.7,0.7,2.8,14.5,waterli01
504,Trendon Watford,PF,22,POR,62,12,1182,5.5,9.8,0.56,0.8,1.9,0.391,4.8,7.9,0.602,2.2,3,0.72,1.3,6,7.2,4,1,0.4,2.2,3.6,14,watfotr01
505,Peyton Watson,SG,20,DEN,23,2,186,5.6,11.4,0.492,1.2,2.7,0.429,4.5,8.7,0.511,2.1,3.9,0.55,1.5,5.6,7.2,2.1,0.4,2.1,1.5,2.7,14.5,watsope01
506,Blake Wesley,SG,19,SAS,37,1,669,3.7,11.6,0.321,1.1,2.8,0.385,2.6,8.8,0.301,1.4,2.4,0.591,0.6,3.8,4.4,5.3,1.3,0.3,3.5,3.6,9.9,weslebl01
507,Russell Westbrook,PG,34,TOT,73,24,2126,7.3,16.8,0.436,1.5,4.8,0.311,5.8,11.9,0.487,3.5,5.3,0.656,1.5,5.7,7.2,9.3,1.3,0.6,4.3,2.7,19.6,westbru01
507,Russell Westbrook,PG,34,LAL,52,3,1491,7.3,17.6,0.417,1.5,5.1,0.296,5.8,12.5,0.467,3.8,5.7,0.655,1.4,6.3,7.8,9.4,1.3,0.6,4.4,2.9,20,westbru01
507,Russell Westbrook,PG,34,LAC,21,21,635,7.3,14.9,0.489,1.5,4.1,0.356,5.8,10.7,0.54,2.8,4.3,0.658,1.7,4.1,5.8,9.1,1.3,0.6,4,2.3,18.8,westbru01
508,Coby White,SG,22,CHI,74,2,1730,5.5,12.4,0.443,2.7,7.2,0.372,2.8,5.2,0.54,1.3,1.5,0.871,0.3,4.1,4.4,4.2,1.1,0.1,1.5,2.5,14.9,whiteco01
509,Derrick White,SG,28,BOS,82,70,2319,5.4,11.8,0.462,2.3,6.1,0.381,3.1,5.7,0.548,2.6,3,0.875,0.8,3.7,4.5,5,0.8,1.2,1.5,2.7,15.8,whitede01
510,Jack White,SF,25,DEN,17,0,66,4.4,10.4,0.421,1.6,4.9,0.333,2.7,5.5,0.5,1.1,1.6,0.667,3.3,6,9.3,2.2,1.6,1.1,1.1,4.9,11.5,whiteja03
511,Joe Wieskamp,SF,23,TOR,9,0,50,2.2,10.1,0.214,2.2,8.6,0.25,0,1.4,0,0,0,0,0,2.9,2.9,2.2,0,0,0.7,2.2,6.5,wieskjo01
512,Aaron Wiggins,SG,24,OKC,70,14,1297,5.2,10.1,0.512,1.3,3.4,0.393,3.8,6.7,0.573,1.6,2,0.831,1.9,3.9,5.8,2.2,1.1,0.4,1.5,3.1,13.3,wiggiaa01
513,Andrew Wiggins,SF,27,GSW,37,37,1190,7.6,16,0.473,2.7,6.8,0.396,4.9,9.2,0.53,1.3,2.2,0.611,1.8,3.8,5.6,2.6,1.4,0.8,1.5,3.2,19.1,wiggian01
514,Lindell Wigginton,PG,24,MIL,7,1,87,7.4,15.3,0.486,2.5,7.4,0.333,5,7.9,0.632,3.3,3.7,0.889,0,2.9,2.9,5.8,0,0.8,5,2.9,20.7,wiggili01
515,Alondes Williams,SG,23,BRK,1,0,5,0,0,,0,0,,0,0,,0,0,0,0,7.2,7.2,0,0,0,14.4,7.2,0,willial06
516,Donovan Williams,SG,21,ATL,2,0,4,18,45,0.4,0,18,0,18,27,0.667,0,0,0,0,18,18,0,0,0,0,0,36,willido02
517,Grant Williams,PF,24,BOS,79,23,2045,3.8,8.4,0.454,2,5.1,0.395,1.8,3.3,0.546,1.7,2.1,0.77,1.5,4.9,6.4,2.3,0.7,0.5,1.4,3.4,11.3,willigr01
518,Jalen Williams,SG,21,OKC,75,62,2276,6.5,12.6,0.521,1.2,3.2,0.356,5.4,9.3,0.579,2.5,3,0.812,1.3,4,5.3,3.9,1.6,0.6,1.9,3,16.7,willija06
519,Jaylin Williams,C,20,OKC,49,36,914,4,9.2,0.436,1.8,4.5,0.407,2.2,4.8,0.463,1.5,2.1,0.704,1.7,7.8,9.5,3,1.1,0.5,1.5,4.4,11.3,willija07
520,Jeenathan Williams,SG,23,POR,5,4,127,6.8,11.1,0.615,0.9,2.3,0.375,6,8.8,0.677,0.6,0.9,0.667,2.8,1.4,4.3,2.8,0.9,0.6,1.1,3.7,15,willije02
521,Kenrich Williams,PF,28,OKC,53,10,1206,5.3,10.3,0.517,1.5,4,0.373,3.9,6.3,0.608,0.5,1.2,0.436,2.9,4.9,7.8,3.1,1.3,0.4,1,3.3,12.7,willike04
522,Mark Williams,C,21,CHO,43,17,828,7,10.9,0.637,0,0,,7,10.9,0.637,2.9,4.2,0.691,4,9.2,13.2,0.8,1.2,2,1.7,4.1,16.8,willima07
523,Patrick Williams,PF,21,CHI,82,65,2323,4.9,10.5,0.464,1.8,4.3,0.415,3.1,6.2,0.498,1.4,1.6,0.857,1.2,3.9,5.1,1.5,1.1,1.1,1.6,2.3,12.9,willipa01
524,Robert Williams,C,25,BOS,35,20,824,5.5,7.4,0.747,0,0,0,5.5,7.4,0.751,1.1,1.8,0.61,4.5,8.2,12.8,2.2,1,2.1,1.5,3,12.2,williro04
525,Vince Williams Jr.,SG,22,MEM,15,1,105,4.1,13.7,0.3,1.4,9.6,0.143,2.7,4.1,0.667,0.7,0.7,1,1.4,3.8,5.1,1.4,2.1,0.7,1.7,4.1,10.3,willivi01
526,Ziaire Williams,SF,21,MEM,37,4,561,5.4,12.6,0.429,1.6,6.2,0.258,3.8,6.4,0.596,1.1,1.4,0.773,1,4,5.1,2.2,0.9,0.4,2.4,3.7,13.5,willizi02
527,Zion Williamson,PF,22,NOP,29,29,956,10.7,17.7,0.608,0.3,0.7,0.368,10.5,16.9,0.618,6.7,9.3,0.714,2.2,5.4,7.6,5,1.2,0.6,3.7,2.4,28.4,willizi01
528,Dylan Windler,SF,26,CLE,3,0,10,7.2,10.8,0.667,3.6,7.2,0.5,3.6,3.6,1,0,0,0,0,0,0,3.6,3.6,0,3.6,0,18,windldy01
529,Justise Winslow,PF,26,POR,29,11,776,3.8,9.2,0.409,0.6,2.1,0.311,3.1,7.1,0.438,0.9,1.3,0.714,2.3,4.5,6.7,4.5,1.4,0.5,2,4.1,9.1,winslju01
530,James Wiseman,C,21,TOT,45,22,867,7.8,14.1,0.558,0.2,0.8,0.2,7.7,13.2,0.58,2.8,4,0.701,3,8.1,11.1,1.2,0.3,1.1,2.1,4.5,18.7,wisemja01
530,James Wiseman,C,21,GSW,21,0,262,8.1,12.9,0.628,0.1,0.3,0.5,8,12.6,0.63,3.6,5.2,0.684,2.5,7.6,10,1.9,0.4,1,1.9,5.4,19.9,wisemja01
530,James Wiseman,C,21,DET,24,22,605,7.7,14.6,0.531,0.2,1.1,0.167,7.6,13.5,0.559,2.5,3.5,0.712,3.3,8.3,11.5,1,0.2,1.2,2.2,4.1,18.1,wisemja01
531,Christian Wood,C,27,DAL,67,17,1738,8.2,15.9,0.515,2.2,5.8,0.376,6,10.1,0.594,4.5,5.8,0.772,1.8,8.4,10.2,2.5,0.6,1.5,2.5,3.5,23.1,woodch01
532,Delon Wright,PG,30,WAS,50,14,1221,4.1,8.6,0.474,1.2,3.5,0.345,2.9,5.1,0.564,1.5,1.8,0.867,1.7,3.6,5.3,5.7,2.7,0.5,1.3,1.7,10.9,wrighde01
533,McKinley Wright IV,PG,24,DAL,27,1,335,4.9,10.5,0.469,1,3,0.321,4,7.5,0.529,1.4,2,0.684,1,4.1,5.1,6.2,0.9,0.5,2,2.6,12.3,wrighmc01
534,Gabe York,SG,29,IND,3,0,56,5.1,13.5,0.381,3.9,11.6,0.333,1.3,1.9,0.667,1.3,1.3,1,0,3.9,3.9,3.2,1.3,0,0,3.2,15.4,yorkga01
535,Thaddeus Young,PF,34,TOR,54,9,795,4.9,9,0.545,0.3,1.5,0.176,4.6,7.4,0.622,0.8,1.2,0.692,3.2,4.3,7.5,3.4,2.4,0.2,1.9,4,10.9,youngth01
536,Trae Young,PG,24,ATL,73,73,2541,8.5,19.7,0.429,2.2,6.5,0.335,6.3,13.2,0.476,8,9.1,0.886,0.8,2.3,3.1,10.5,1.1,0.1,4.3,1.5,27.1,youngtr01
537,Omer Yurtseven,C,24,MIA,9,0,83,6.9,11.7,0.593,1.3,3,0.429,5.6,8.7,0.65,2.2,2.6,0.833,3.5,6.5,10,0.9,0.9,0.9,1.7,6.9,17.3,yurtsom01
538,Cody Zeller,C,30,MIA,15,2,217,6.1,9.8,0.627,0,0.3,0,6.1,9.5,0.649,4,5.8,0.686,4.1,6.5,10.6,1.7,0.5,0.7,2.3,5.5,16.3,zelleco01
539,Ivica Zubac,C,25,LAC,76,76,2170,5.4,8.5,0.634,0,0,0,5.4,8.5,0.637,2.8,3.9,0.697,3.9,8.6,12.5,1.3,0.5,1.6,1.9,3.6,13.6,zubaciv01
